画像パス,画像URL,画像ファイルサイズ,最終アクセス日,画像登録日
wdc/p_non/wdc_mat.jpg,https://image.rakuten.co.jp/shopjapan/cabinet/wdc/p_non/wdc_mat.jpg,101.2KB,2017/10/06,2016/03/30
wdc/p_non/wdc_mat_0524.jpg,https://image.rakuten.co.jp/shopjapan/cabinet/wdc/p_non/wdc_mat_0524.jpg,51.1KB,2017/10/06,2016/05/25
wdc/p_non/wdc_mat_0530.jpg,https://image.rakuten.co.jp/shopjapan/cabinet/wdc/p_non/wdc_mat_0530.jpg,51.9KB,2017/11/07,2016/06/01
wdc/p_non/wdc_mat_asu.jpg,https://image.rakuten.co.jp/shopjapan/cabinet/wdc/p_non/wdc_mat_asu.jpg,81KB,2017/11/01,2016/04/26
wdc/wdc_mat_s1.jpg,https://image.rakuten.co.jp/shopjapan/cabinet/wdc/wdc_mat_s1.jpg,16.3KB,2017/11/07,2014/05/22
wdc/wdc_new_rank_01_2.jpg,https://image.rakuten.co.jp/shopjapan/cabinet/wdc/wdc_new_rank_01_2.jpg,366.4KB,2017/11/04,2015/02/13
share/outlet/wdc_pc.jpg,https://image.rakuten.co.jp/shopjapan/cabinet/share/outlet/wdc_pc.jpg,178.1KB,2017/08/26,2017/06/27
wdc/p_non/wdc_per.jpg,https://image.rakuten.co.jp/shopjapan/cabinet/wdc/p_non/wdc_per.jpg,103.8KB,2017/10/06,2016/03/30
wdc/p_non/wdc_per_0524.jpg,https://image.rakuten.co.jp/shopjapan/cabinet/wdc/p_non/wdc_per_0524.jpg,62.3KB,2017/10/06,2016/05/25
wdc/p_non/wdc_per_0530.jpg,https://image.rakuten.co.jp/shopjapan/cabinet/wdc/p_non/wdc_per_0530.jpg,62.2KB,2017/11/07,2016/06/01
wdc/p_non/wdc_per_asu.jpg,https://image.rakuten.co.jp/shopjapan/cabinet/wdc/p_non/wdc_per_asu.jpg,83.7KB,2017/11/02,2016/04/26
wdc/wdc_ranking.jpg,https://image.rakuten.co.jp/shopjapan/cabinet/wdc/wdc_ranking.jpg,692.6KB,2017/10/25,2015/12/01
wdc/wdc_review1.jpg,https://image.rakuten.co.jp/shopjapan/cabinet/wdc/wdc_review1.jpg,261.8KB,2017/11/03,2014/10/31
wdc/wdc_review2.jpg,https://image.rakuten.co.jp/shopjapan/cabinet/wdc/wdc_review2.jpg,127.1KB,2017/10/30,2014/10/31
wdc/wdc_review3.jpg,https://image.rakuten.co.jp/shopjapan/cabinet/wdc/wdc_review3.jpg,240.7KB,2017/11/03,2014/10/31
wdc/p_non/wdc_s1_1006_01.jpg,https://image.rakuten.co.jp/shopjapan/cabinet/wdc/p_non/wdc_s1_1006_01.jpg,120.4KB,2017/11/07,2017/10/03
wdc/p_non/wdc_s1_1006_02.jpg,https://image.rakuten.co.jp/shopjapan/cabinet/wdc/p_non/wdc_s1_1006_02.jpg,160.5KB,2017/10/29,2017/10/03
wdc/wdc_s2_1.jpg,https://image.rakuten.co.jp/shopjapan/cabinet/wdc/wdc_s2_1.jpg,46.3KB,2017/10/06,2016/02/17
wdc/wdc_s3_1.jpg,https://image.rakuten.co.jp/shopjapan/cabinet/wdc/wdc_s3_1.jpg,69.9KB,2017/10/06,2016/02/17
wdc/p_non/wdc_s3_1006.jpg,https://image.rakuten.co.jp/shopjapan/cabinet/wdc/p_non/wdc_s3_1006.jpg,144.2KB,2017/11/07,2017/10/03
wdc/p_non/wdc_s4_1006.jpg,https://image.rakuten.co.jp/shopjapan/cabinet/wdc/p_non/wdc_s4_1006.jpg,133.6KB,2017/11/07,2017/10/03
wdc/p_non/wdc_s5_1006.jpg,https://image.rakuten.co.jp/shopjapan/cabinet/wdc/p_non/wdc_s5_1006.jpg,122.7KB,2017/11/07,2017/10/03
wdc/wdc_salepage_kari.jpg,https://image.rakuten.co.jp/shopjapan/cabinet/wdc/wdc_salepage_kari.jpg,285KB,2017/08/30,2014/07/14
wdc/wdc_sc_004.jpg,https://image.rakuten.co.jp/shopjapan/cabinet/wdc/wdc_sc_004.jpg,245KB,2017/11/03,2015/11/27
wdc/wdc_sc_0107_1.jpg,https://image.rakuten.co.jp/shopjapan/cabinet/wdc/wdc_sc_0107_1.jpg,185.7KB,2017/10/06,2015/12/21
wdc/wdc_sc_0107_2.jpg,https://image.rakuten.co.jp/shopjapan/cabinet/wdc/wdc_sc_0107_2.jpg,289.8KB,2017/10/06,2015/12/21
wdc/wdc_sc_0107_3.jpg,https://image.rakuten.co.jp/shopjapan/cabinet/wdc/wdc_sc_0107_3.jpg,245KB,2017/10/06,2015/12/21
wdc/wdc_set1_150120_pno.jpg,https://image.rakuten.co.jp/shopjapan/cabinet/wdc/wdc_set1_150120_pno.jpg,121.5KB,2017/10/06,2015/01/19
wdc/wdc_set1_normal.jpg,https://image.rakuten.co.jp/shopjapan/cabinet/wdc/wdc_set1_normal.jpg,116.1KB,2017/10/06,2015/02/19
wdc/wdc_set2_150120_pno.jpg,https://image.rakuten.co.jp/shopjapan/cabinet/wdc/wdc_set2_150120_pno.jpg,77KB,2017/10/06,2015/01/19
wdc/wdc_set2_normal.jpg,https://image.rakuten.co.jp/shopjapan/cabinet/wdc/wdc_set2_normal.jpg,70.3KB,2017/10/06,2015/02/19
wdc/wdc_set3_150120_pno.jpg,https://image.rakuten.co.jp/shopjapan/cabinet/wdc/wdc_set3_150120_pno.jpg,58.6KB,2017/10/06,2015/01/19
wdc/wdc_set3_normal.jpg,https://image.rakuten.co.jp/shopjapan/cabinet/wdc/wdc_set3_normal.jpg,52KB,2017/10/06,2015/02/19
share/outlet/wdc_sp.jpg,https://image.rakuten.co.jp/shopjapan/cabinet/share/outlet/wdc_sp.jpg,138.6KB,2017/08/08,2017/06/27
share/spe_sun/wdc_spcp.jpg,https://image.rakuten.co.jp/shopjapan/cabinet/share/spe_sun/wdc_spcp.jpg,222.5KB,2017/08/30,2017/03/17
share/spe_sun/wdc_spcp_encho.jpg,https://image.rakuten.co.jp/shopjapan/cabinet/share/spe_sun/wdc_spcp_encho.jpg,222KB,2017/08/30,2017/03/17
share/beauty/wdc_sp_1.jpg,https://image.rakuten.co.jp/shopjapan/cabinet/share/beauty/wdc_sp_1.jpg,14.3KB,2017/10/24,2017/10/11
share/beauty/wdc_sp_2.jpg,https://image.rakuten.co.jp/shopjapan/cabinet/share/beauty/wdc_sp_2.jpg,71.7KB,2017/11/04,2017/10/11
share/beauty/wdc_sp_3.jpg,https://image.rakuten.co.jp/shopjapan/cabinet/share/beauty/wdc_sp_3.jpg,45KB,2017/11/04,2017/10/11
wdc/wdc_sp_kv.jpg,https://image.rakuten.co.jp/shopjapan/cabinet/wdc/wdc_sp_kv.jpg,227.4KB,2017/11/07,2017/08/21
share/spe_sun/wdc_ss20170224.jpg,https://image.rakuten.co.jp/shopjapan/cabinet/share/spe_sun/wdc_ss20170224.jpg,198.1KB,2017/09/27,2017/02/23
share/spe_sun/wdc_ss20170226.jpg,https://image.rakuten.co.jp/shopjapan/cabinet/share/spe_sun/wdc_ss20170226.jpg,197KB,2017/09/01,2017/02/23
share/outlet/wdc_sub1.jpg,https://image.rakuten.co.jp/shopjapan/cabinet/share/outlet/wdc_sub1.jpg,72.5KB,2017/10/24,2017/06/20
share/outlet/wdc_sub2.jpg,https://image.rakuten.co.jp/shopjapan/cabinet/share/outlet/wdc_sub2.jpg,210.5KB,2017/10/24,2017/06/20
share/outlet/wdc_sub3.jpg,https://image.rakuten.co.jp/shopjapan/cabinet/share/outlet/wdc_sub3.jpg,196.2KB,2017/10/24,2017/06/20
share/outlet/wdc_sub4.jpg,https://image.rakuten.co.jp/shopjapan/cabinet/share/outlet/wdc_sub4.jpg,181KB,2017/10/24,2017/06/20
share/outlet/wdc_sub5.jpg,https://image.rakuten.co.jp/shopjapan/cabinet/share/outlet/wdc_sub5.jpg,176.1KB,2017/10/24,2017/06/20
wdc/wdc_syousai_btn.jpg,https://image.rakuten.co.jp/shopjapan/cabinet/wdc/wdc_syousai_btn.jpg,31.6KB,2017/11/03,2016/03/09
wdc2/item/wdc_tan1002.jpg,https://image.rakuten.co.jp/shopjapan/cabinet/wdc2/item/wdc_tan1002.jpg,298.8KB,2017/11/07,2017/09/29
wdc/p_non/wdc_tan_0524.jpg,https://image.rakuten.co.jp/shopjapan/cabinet/wdc/p_non/wdc_tan_0524.jpg,90.3KB,2017/10/11,2016/05/24
wdc/p_non/wdc_tan_0530_asu.jpg,https://image.rakuten.co.jp/shopjapan/cabinet/wdc/p_non/wdc_tan_0530_asu.jpg,105.5KB,2017/10/06,2016/06/01
wdc/p_non/wdc_tan_0530_sou.jpg,https://image.rakuten.co.jp/shopjapan/cabinet/wdc/p_non/wdc_tan_0530_sou.jpg,102.5KB,2017/11/07,2016/06/01
wdc/p_non/wdc_tan_1603ss.jpg,https://image.rakuten.co.jp/shopjapan/cabinet/wdc/p_non/wdc_tan_1603ss.jpg,103.8KB,2017/11/05,2016/03/22
wdc/p_non/wdc_tan_asu.jpg,https://image.rakuten.co.jp/shopjapan/cabinet/wdc/p_non/wdc_tan_asu.jpg,81.1KB,2017/11/07,2016/04/26
share/beauty/wdc_thum01.jpg,https://image.rakuten.co.jp/shopjapan/cabinet/share/beauty/wdc_thum01.jpg,146.8KB,2017/11/02,2017/10/06
share/beauty/wdc_thum02.jpg,https://image.rakuten.co.jp/shopjapan/cabinet/share/beauty/wdc_thum02.jpg,124.7KB,2017/11/02,2017/10/06
share/beauty/wdc_thum03.jpg,https://image.rakuten.co.jp/shopjapan/cabinet/share/beauty/wdc_thum03.jpg,123.4KB,2017/11/02,2017/10/06
share/beauty/wdc_thum04.jpg,https://image.rakuten.co.jp/shopjapan/cabinet/share/beauty/wdc_thum04.jpg,99.5KB,2017/11/04,2017/10/06
share/beauty/wdc_thum05.jpg,https://image.rakuten.co.jp/shopjapan/cabinet/share/beauty/wdc_thum05.jpg,131.3KB,2017/11/02,2017/10/06
share/beauty/wdc_thum06.jpg,https://image.rakuten.co.jp/shopjapan/cabinet/share/beauty/wdc_thum06.jpg,94.6KB,2017/11/04,2017/10/06
wdc/wdc_tvcm_img2.jpg,https://image.rakuten.co.jp/shopjapan/cabinet/wdc/wdc_tvcm_img2.jpg,59.2KB,2017/10/06,2015/09/10
wds/wdc_tw_s_01.jpg,https://image.rakuten.co.jp/shopjapan/cabinet/wds/wdc_tw_s_01.jpg,54.7KB,2017/11/07,2015/06/19
mail/cp/wdc_wake_dou.jpg,https://image.rakuten.co.jp/shopjapan/cabinet/mail/cp/wdc_wake_dou.jpg,89KB,2017/11/05,2016/07/12
mail/cp/wdc_wake_item1.jpg,https://image.rakuten.co.jp/shopjapan/cabinet/mail/cp/wdc_wake_item1.jpg,151.2KB,2017/09/01,2016/07/12
mail/cp/wdc_wake_pc_01_3.jpg,https://image.rakuten.co.jp/shopjapan/cabinet/mail/cp/wdc_wake_pc_01_3.jpg,158.6KB,2017/05/23,2016/07/12
mail/cp/wdc_wake_pc_01_4.jpg,https://image.rakuten.co.jp/shopjapan/cabinet/mail/cp/wdc_wake_pc_01_4.jpg,224.8KB,2017/10/24,2016/07/15
mail/cp/wdc_wake_pc_02_5.jpg,https://image.rakuten.co.jp/shopjapan/cabinet/mail/cp/wdc_wake_pc_02_5.jpg,362.6KB,2017/05/23,2016/07/12
mail/cp/wdc_wake_pc_02_6.jpg,https://image.rakuten.co.jp/shopjapan/cabinet/mail/cp/wdc_wake_pc_02_6.jpg,348.2KB,2017/07/02,2016/07/12
mail/cp/wdc_wake_pc_02_6_3.jpg,https://image.rakuten.co.jp/shopjapan/cabinet/mail/cp/wdc_wake_pc_02_6_3.jpg,328.6KB,2017/05/23,2016/07/21
mail/cp/wdc_wake_pc_02_6_4.jpg,https://image.rakuten.co.jp/shopjapan/cabinet/mail/cp/wdc_wake_pc_02_6_4.jpg,345.8KB,2017/08/30,2016/07/22
mail/cp/wdc_wake_pc_03_10.jpg,https://image.rakuten.co.jp/shopjapan/cabinet/mail/cp/wdc_wake_pc_03_10.jpg,340.3KB,2017/09/15,2016/11/04
mail/cp/wdc_wake_pc_03_5.jpg,https://image.rakuten.co.jp/shopjapan/cabinet/mail/cp/wdc_wake_pc_03_5.jpg,384.5KB,2017/05/23,2016/07/12
mail/cp/wdc_wake_pc_03_6.jpg,https://image.rakuten.co.jp/shopjapan/cabinet/mail/cp/wdc_wake_pc_03_6.jpg,368.2KB,2017/11/01,2016/07/12
mail/cp/wdc_wake_pc_03_6_2.jpg,https://image.rakuten.co.jp/shopjapan/cabinet/mail/cp/wdc_wake_pc_03_6_2.jpg,370.1KB,2017/05/23,2016/07/21
mail/cp/wdc_wake_pc_03_6_3.jpg,https://image.rakuten.co.jp/shopjapan/cabinet/mail/cp/wdc_wake_pc_03_6_3.jpg,402.6KB,2017/06/06,2016/07/21
mail/cp/wdc_wake_pc_03_7.jpg,https://image.rakuten.co.jp/shopjapan/cabinet/mail/cp/wdc_wake_pc_03_7.jpg,344.2KB,2017/09/15,2016/11/02
mail/cp/wdc_wake_pc_03_8.jpg,https://image.rakuten.co.jp/shopjapan/cabinet/mail/cp/wdc_wake_pc_03_8.jpg,341KB,2017/09/15,2016/11/04
mail/cp/wdc_wake_pc_03_9.jpg,https://image.rakuten.co.jp/shopjapan/cabinet/mail/cp/wdc_wake_pc_03_9.jpg,340.2KB,2017/09/15,2016/11/04
mail/cp/wdc_wake_pc_03_9v2.jpg,https://image.rakuten.co.jp/shopjapan/cabinet/mail/cp/wdc_wake_pc_03_9v2.jpg,365.2KB,2017/09/15,2016/11/04
mail/cp/wdc_wake_pc_04_3.jpg,https://image.rakuten.co.jp/shopjapan/cabinet/mail/cp/wdc_wake_pc_04_3.jpg,136.8KB,2017/07/02,2016/07/12
mail/cp/wdc_wake_pc_04_4.jpg,https://image.rakuten.co.jp/shopjapan/cabinet/mail/cp/wdc_wake_pc_04_4.jpg,133.1KB,2017/10/24,2016/11/25
mail/cp/wdc_wake_pc_05_3.jpg,https://image.rakuten.co.jp/shopjapan/cabinet/mail/cp/wdc_wake_pc_05_3.jpg,18.1KB,2017/11/03,2016/07/12
mail/cp/wdc_wake_pc_06.jpg,https://image.rakuten.co.jp/shopjapan/cabinet/mail/cp/wdc_wake_pc_06.jpg,379.3KB,2017/08/30,2016/07/22
mail/cp/wdc_wake_pc_07.jpg,https://image.rakuten.co.jp/shopjapan/cabinet/mail/cp/wdc_wake_pc_07.jpg,386KB,2017/08/30,2016/07/22
mail/cp/wdc_wake_pc_08.jpg,https://image.rakuten.co.jp/shopjapan/cabinet/mail/cp/wdc_wake_pc_08.jpg,393.6KB,2017/08/30,2016/07/22
mail/cp/wdc_wake_pc_09.jpg,https://image.rakuten.co.jp/shopjapan/cabinet/mail/cp/wdc_wake_pc_09.jpg,366KB,2017/09/15,2016/07/23
mail/cp/wdc_wake_pc_10.jpg,https://image.rakuten.co.jp/shopjapan/cabinet/mail/cp/wdc_wake_pc_10.jpg,373.5KB,2017/09/15,2016/07/23
mail/cp/wdc_wake_pc_btn.jpg,https://image.rakuten.co.jp/shopjapan/cabinet/mail/cp/wdc_wake_pc_btn.jpg,26.7KB,2017/05/23,2016/07/11
mail/cp/wdc_wake_pc_btn2.jpg,https://image.rakuten.co.jp/shopjapan/cabinet/mail/cp/wdc_wake_pc_btn2.jpg,30.1KB,2017/08/30,2016/07/22
mail/cp/wdc_wake_sp_01.jpg,https://image.rakuten.co.jp/shopjapan/cabinet/mail/cp/wdc_wake_sp_01.jpg,25KB,2017/10/24,2016/07/12
mail/cp/wdc_wake_sp_02.jpg,https://image.rakuten.co.jp/shopjapan/cabinet/mail/cp/wdc_wake_sp_02.jpg,209.8KB,2017/05/23,2016/07/12
mail/cp/wdc_wake_sp_02_3.jpg,https://image.rakuten.co.jp/shopjapan/cabinet/mail/cp/wdc_wake_sp_02_3.jpg,196.9KB,2017/05/23,2016/07/21
mail/cp/wdc_wake_sp_02_4.jpg,https://image.rakuten.co.jp/shopjapan/cabinet/mail/cp/wdc_wake_sp_02_4.jpg,211.6KB,2017/10/24,2016/07/22
mail/cp/wdc_wake_sp_03.jpg,https://image.rakuten.co.jp/shopjapan/cabinet/mail/cp/wdc_wake_sp_03.jpg,174.5KB,2017/05/23,2016/07/12
mail/cp/wdc_wake_sp_03_3.jpg,https://image.rakuten.co.jp/shopjapan/cabinet/mail/cp/wdc_wake_sp_03_3.jpg,160.7KB,2017/05/23,2016/07/21
mail/cp/wdc_wake_sp_03_4.jpg,https://image.rakuten.co.jp/shopjapan/cabinet/mail/cp/wdc_wake_sp_03_4.jpg,160.8KB,2017/10/24,2016/07/22
mail/cp/wdc_wake_sp_04.jpg,https://image.rakuten.co.jp/shopjapan/cabinet/mail/cp/wdc_wake_sp_04.jpg,234.5KB,2017/05/23,2016/07/12
mail/cp/wdc_wake_sp_04_2.jpg,https://image.rakuten.co.jp/shopjapan/cabinet/mail/cp/wdc_wake_sp_04_2.jpg,234.1KB,2017/05/23,2016/07/21
mail/cp/wdc_wake_sp_04_3.jpg,https://image.rakuten.co.jp/shopjapan/cabinet/mail/cp/wdc_wake_sp_04_3.jpg,250.7KB,2017/05/23,2016/07/21
mail/cp/wdc_wake_sp_04_5.jpg,https://image.rakuten.co.jp/shopjapan/cabinet/mail/cp/wdc_wake_sp_04_5.jpg,233.7KB,2017/09/15,2016/10/31
mail/cp/wdc_wake_sp_04_6.jpg,https://image.rakuten.co.jp/shopjapan/cabinet/mail/cp/wdc_wake_sp_04_6.jpg,202.2KB,2017/09/15,2016/11/02
mail/cp/wdc_wake_sp_04_8.jpg,https://image.rakuten.co.jp/shopjapan/cabinet/mail/cp/wdc_wake_sp_04_8.jpg,200.9KB,2017/09/15,2016/11/04
mail/cp/wdc_wake_sp_04_9.jpg,https://image.rakuten.co.jp/shopjapan/cabinet/mail/cp/wdc_wake_sp_04_9.jpg,199.1KB,2017/09/15,2016/11/04
mail/cp/wdc_wake_sp_05.jpg,https://image.rakuten.co.jp/shopjapan/cabinet/mail/cp/wdc_wake_sp_05.jpg,178.9KB,2017/05/23,2016/07/12
mail/cp/wdc_wake_sp_05_10.jpg,https://image.rakuten.co.jp/shopjapan/cabinet/mail/cp/wdc_wake_sp_05_10.jpg,175.2KB,2017/09/15,2016/11/04
mail/cp/wdc_wake_sp_05_10v2.jpg,https://image.rakuten.co.jp/shopjapan/cabinet/mail/cp/wdc_wake_sp_05_10v2.jpg,188.7KB,2017/09/15,2016/11/04
mail/cp/wdc_wake_sp_05_2.jpg,https://image.rakuten.co.jp/shopjapan/cabinet/mail/cp/wdc_wake_sp_05_2.jpg,178KB,2017/05/23,2016/07/21
mail/cp/wdc_wake_sp_05_3.jpg,https://image.rakuten.co.jp/shopjapan/cabinet/mail/cp/wdc_wake_sp_05_3.jpg,194.6KB,2017/05/23,2016/07/21
mail/cp/wdc_wake_sp_05_5.jpg,https://image.rakuten.co.jp/shopjapan/cabinet/mail/cp/wdc_wake_sp_05_5.jpg,174.6KB,2017/09/15,2016/11/02
mail/cp/wdc_wake_sp_05_8.jpg,https://image.rakuten.co.jp/shopjapan/cabinet/mail/cp/wdc_wake_sp_05_8.jpg,173.1KB,2017/09/15,2016/11/04
mail/cp/wdc_wake_sp_06.jpg,https://image.rakuten.co.jp/shopjapan/cabinet/mail/cp/wdc_wake_sp_06.jpg,233.6KB,2017/08/30,2016/07/22
mail/cp/wdc_wake_sp_07.jpg,https://image.rakuten.co.jp/shopjapan/cabinet/mail/cp/wdc_wake_sp_07.jpg,184.6KB,2017/08/30,2016/07/22
mail/cp/wdc_wake_sp_08.jpg,https://image.rakuten.co.jp/shopjapan/cabinet/mail/cp/wdc_wake_sp_08.jpg,246.8KB,2017/08/30,2016/07/22
mail/cp/wdc_wake_sp_09.jpg,https://image.rakuten.co.jp/shopjapan/cabinet/mail/cp/wdc_wake_sp_09.jpg,184.4KB,2017/08/30,2016/07/22
mail/cp/wdc_wake_sp_10.jpg,https://image.rakuten.co.jp/shopjapan/cabinet/mail/cp/wdc_wake_sp_10.jpg,247.1KB,2017/08/30,2016/07/23
mail/cp/wdc_wake_sp_11.jpg,https://image.rakuten.co.jp/shopjapan/cabinet/mail/cp/wdc_wake_sp_11.jpg,184.4KB,2017/08/30,2016/07/23
mail/cp/wdc_wake_sp_12.jpg,https://image.rakuten.co.jp/shopjapan/cabinet/mail/cp/wdc_wake_sp_12.jpg,233.6KB,2017/10/24,2016/07/23
mail/cp/wdc_wake_sp_13.jpg,https://image.rakuten.co.jp/shopjapan/cabinet/mail/cp/wdc_wake_sp_13.jpg,170.7KB,2017/10/24,2016/07/23
mail/cp/wdc_wake_sp_btn.jpg,https://image.rakuten.co.jp/shopjapan/cabinet/mail/cp/wdc_wake_sp_btn.jpg,29.7KB,2017/10/24,2016/07/22
mail/cp/wdc_wake_top1.jpg,https://image.rakuten.co.jp/shopjapan/cabinet/mail/cp/wdc_wake_top1.jpg,176.6KB,2017/05/23,2016/07/12
mail/cp/wdc_wake_top2.jpg,https://image.rakuten.co.jp/shopjapan/cabinet/mail/cp/wdc_wake_top2.jpg,192.3KB,2017/05/23,2016/07/12
cat/wds.jpg,https://image.rakuten.co.jp/shopjapan/cabinet/cat/wds.jpg,21.4KB,2017/08/10,2016/06/28
wds/item/wds-abbb.jpg,https://image.rakuten.co.jp/shopjapan/cabinet/wds/item/wds-abbb.jpg,97.7KB,2017/08/30,2015/10/21
wds/item/wds-nbbb.jpg,https://image.rakuten.co.jp/shopjapan/cabinet/wds/item/wds-nbbb.jpg,95.8KB,2017/08/30,2015/10/21
wds/item/wds-ngbb.jpg,https://image.rakuten.co.jp/shopjapan/cabinet/wds/item/wds-ngbb.jpg,100.2KB,2017/08/30,2015/10/21
wds/item/wds-nobb.jpg,https://image.rakuten.co.jp/shopjapan/cabinet/wds/item/wds-nobb.jpg,99.2KB,2017/08/30,2015/10/21
wds/item/wds-npbb.jpg,https://image.rakuten.co.jp/shopjapan/cabinet/wds/item/wds-npbb.jpg,98KB,2017/08/30,2015/10/21
wds/item/wds-nrdb.jpg,https://image.rakuten.co.jp/shopjapan/cabinet/wds/item/wds-nrdb.jpg,98.5KB,2017/08/30,2015/10/21
wds/item/wds-nsbb.jpg,https://image.rakuten.co.jp/shopjapan/cabinet/wds/item/wds-nsbb.jpg,99.6KB,2017/08/30,2015/10/21
wds/item/wds-nwbb.jpg,https://image.rakuten.co.jp/shopjapan/cabinet/wds/item/wds-nwbb.jpg,96.1KB,2017/08/30,2015/10/21
share/cpc/wds1.jpg,https://image.rakuten.co.jp/shopjapan/cabinet/share/cpc/wds1.jpg,131.5KB,2017/11/06,2017/07/25
share/outlet/wdst_main1.jpg,https://image.rakuten.co.jp/shopjapan/cabinet/share/outlet/wdst_main1.jpg,294.2KB,2017/08/10,2017/07/25
share/outlet/wdst_main2.jpg,https://image.rakuten.co.jp/shopjapan/cabinet/share/outlet/wdst_main2.jpg,294.3KB,2017/11/07,2017/07/26
share/outlet/wdst_main3.jpg,https://image.rakuten.co.jp/shopjapan/cabinet/share/outlet/wdst_main3.jpg,293.6KB,2017/11/05,2017/07/31
share/outlet/wdst_price1.jpg,https://image.rakuten.co.jp/shopjapan/cabinet/share/outlet/wdst_price1.jpg,81.7KB,2017/10/01,2017/07/25
share/outlet/wdst_price_sp.jpg,https://image.rakuten.co.jp/shopjapan/cabinet/share/outlet/wdst_price_sp.jpg,92.2KB,2017/11/05,2017/07/27
share/outlet/wdst_sub1.jpg,https://image.rakuten.co.jp/shopjapan/cabinet/share/outlet/wdst_sub1.jpg,114.5KB,2017/11/05,2017/07/26
share/outlet/wdst_sub2.jpg,https://image.rakuten.co.jp/shopjapan/cabinet/share/outlet/wdst_sub2.jpg,89.3KB,2017/11/05,2017/07/26
share/outlet/wdst_sub3.jpg,https://image.rakuten.co.jp/shopjapan/cabinet/share/outlet/wdst_sub3.jpg,101.8KB,2017/11/05,2017/07/26
share/outlet/wdst_sub4.jpg,https://image.rakuten.co.jp/shopjapan/cabinet/share/outlet/wdst_sub4.jpg,130.8KB,2017/11/05,2017/07/26
share/outlet/wdst_sub5.jpg,https://image.rakuten.co.jp/shopjapan/cabinet/share/outlet/wdst_sub5.jpg,106.4KB,2017/11/05,2017/07/26
wds/item/wds_0127_s3.jpg,https://image.rakuten.co.jp/shopjapan/cabinet/wds/item/wds_0127_s3.jpg,103.3KB,2017/09/29,2017/01/26
wds/item/wds_0227_s1.jpg,https://image.rakuten.co.jp/shopjapan/cabinet/wds/item/wds_0227_s1.jpg,121.5KB,2017/11/06,2017/02/22
wds/item/wds_0227_s1_han.jpg,https://image.rakuten.co.jp/shopjapan/cabinet/wds/item/wds_0227_s1_han.jpg,85.7KB,2017/11/05,2017/02/23
wds/item/wds_0227_s3.jpg,https://image.rakuten.co.jp/shopjapan/cabinet/wds/item/wds_0227_s3.jpg,159.5KB,2017/10/29,2017/02/22
wds/item/wds_0310_s1.jpg,https://image.rakuten.co.jp/shopjapan/cabinet/wds/item/wds_0310_s1.jpg,124.6KB,2017/11/07,2017/03/08
wds/item/wds_0310_s2.jpg,https://image.rakuten.co.jp/shopjapan/cabinet/wds/item/wds_0310_s2.jpg,157.4KB,2017/10/25,2017/03/08
wds/item/wds_0405_bes.jpg,https://image.rakuten.co.jp/shopjapan/cabinet/wds/item/wds_0405_bes.jpg,61.4KB,2017/11/05,2017/04/05
wds/item/wds_0405_hngk.jpg,https://image.rakuten.co.jp/shopjapan/cabinet/wds/item/wds_0405_hngk.jpg,73.4KB,2017/11/07,2017/04/28
wds/item/wds_0405_mat.jpg,https://image.rakuten.co.jp/shopjapan/cabinet/wds/item/wds_0405_mat.jpg,56.5KB,2017/10/23,2017/04/05
wds/item/wds_0515best.jpg,https://image.rakuten.co.jp/shopjapan/cabinet/wds/item/wds_0515best.jpg,58KB,2017/11/07,2017/05/15
wds/item/wds_0530_best.jpg,https://image.rakuten.co.jp/shopjapan/cabinet/wds/item/wds_0530_best.jpg,58.3KB,2017/11/07,2016/06/01
wds/item/wds_0530_mat.jpg,https://image.rakuten.co.jp/shopjapan/cabinet/wds/item/wds_0530_mat.jpg,54KB,2017/11/07,2016/06/01
wds/item/wds_0530_mat_red.jpg,https://image.rakuten.co.jp/shopjapan/cabinet/wds/item/wds_0530_mat_red.jpg,73.6KB,2017/11/01,2016/12/22
wds/item/wds_0530_per.jpg,https://image.rakuten.co.jp/shopjapan/cabinet/wds/item/wds_0530_per.jpg,72.3KB,2017/11/07,2016/06/01
wds/item/wds_0831.jpg,https://image.rakuten.co.jp/shopjapan/cabinet/wds/item/wds_0831.jpg,138.7KB,2017/11/07,2017/08/30
wds/item/wds_0901_per.jpg,https://image.rakuten.co.jp/shopjapan/cabinet/wds/item/wds_0901_per.jpg,71KB,2017/11/07,2016/09/01
wsn/wds_1.gif,https://image.rakuten.co.jp/shopjapan/cabinet/wsn/wds_1.gif,294.4KB,2017/11/04,2016/04/04
wds/wds_1014_bes.jpg,https://image.rakuten.co.jp/shopjapan/cabinet/wds/wds_1014_bes.jpg,235.2KB,2017/10/17,2016/10/12
wds/item/wds_1014_bes.jpg,https://image.rakuten.co.jp/shopjapan/cabinet/wds/item/wds_1014_bes.jpg,57.6KB,2017/11/07,2016/10/13
wds/item/wds_1014_mat.jpg,https://image.rakuten.co.jp/shopjapan/cabinet/wds/item/wds_1014_mat.jpg,54.6KB,2017/11/07,2016/10/13
wds/item/wds_1014_mat_red.jpg,https://image.rakuten.co.jp/shopjapan/cabinet/wds/item/wds_1014_mat_red.jpg,58.2KB,2017/11/07,2016/12/22
wds/item/wds_1014_tan.jpg,https://image.rakuten.co.jp/shopjapan/cabinet/wds/item/wds_1014_tan.jpg,72.9KB,2017/11/07,2016/10/13
wds/wds_1101_sc1.jpg,https://image.rakuten.co.jp/shopjapan/cabinet/wds/wds_1101_sc1.jpg,181.1KB,2017/10/17,2016/10/31
wds/wds_1101_sc2.jpg,https://image.rakuten.co.jp/shopjapan/cabinet/wds/wds_1101_sc2.jpg,451.8KB,2017/10/17,2016/10/31
wds/wds_1101_sc3.jpg,https://image.rakuten.co.jp/shopjapan/cabinet/wds/wds_1101_sc3.jpg,479.6KB,2017/10/17,2016/10/31
wds/wds_1101_spsc1.jpg,https://image.rakuten.co.jp/shopjapan/cabinet/wds/wds_1101_spsc1.jpg,165.1KB,2017/10/17,2016/10/31
wds/wds_1101_spsc2.jpg,https://image.rakuten.co.jp/shopjapan/cabinet/wds/wds_1101_spsc2.jpg,404.9KB,2017/10/17,2016/10/31
wds/wds_1101_spsc3.jpg,https://image.rakuten.co.jp/shopjapan/cabinet/wds/wds_1101_spsc3.jpg,427KB,2017/10/17,2016/10/31
wds/wds_1117_sc2.jpg,https://image.rakuten.co.jp/shopjapan/cabinet/wds/wds_1117_sc2.jpg,210KB,2017/11/04,2016/11/15
wds/wds_1117_sc3.jpg,https://image.rakuten.co.jp/shopjapan/cabinet/wds/wds_1117_sc3.jpg,505.5KB,2017/10/17,2016/11/15
wds/wds_1222_cp.jpg,https://image.rakuten.co.jp/shopjapan/cabinet/wds/wds_1222_cp.jpg,219.1KB,2017/10/17,2016/12/19
wds/wds_1222_sc2.jpg,https://image.rakuten.co.jp/shopjapan/cabinet/wds/wds_1222_sc2.jpg,228.4KB,2017/10/17,2016/12/19
wds/wds_1222_sc2_sp.jpg,https://image.rakuten.co.jp/shopjapan/cabinet/wds/wds_1222_sc2_sp.jpg,196.3KB,2017/10/17,2016/12/19
wds/wds_1222_sc3.jpg,https://image.rakuten.co.jp/shopjapan/cabinet/wds/wds_1222_sc3.jpg,528.5KB,2017/10/17,2016/12/19
wds/wds_1222_sc3_sp.jpg,https://image.rakuten.co.jp/shopjapan/cabinet/wds/wds_1222_sc3_sp.jpg,387.5KB,2017/10/17,2016/12/19
share/super/wds_1609ss_pc_12420a.jpg,https://image.rakuten.co.jp/shopjapan/cabinet/share/super/wds_1609ss_pc_12420a.jpg,381.7KB,2017/08/30,2016/08/19
share/super/wds_1612ss_s1.jpg,https://image.rakuten.co.jp/shopjapan/cabinet/share/super/wds_1612ss_s1.jpg,149.9KB,2017/11/07,2016/11/14
wsn/wds_2.gif,https://image.rakuten.co.jp/shopjapan/cabinet/wsn/wds_2.gif,142.3KB,2017/11/02,2016/04/04
wds/item/wds_abbb.jpg,https://image.rakuten.co.jp/shopjapan/cabinet/wds/item/wds_abbb.jpg,97.7KB,2017/11/07,2015/10/21
wds/item/wds_abbg.jpg,https://image.rakuten.co.jp/shopjapan/cabinet/wds/item/wds_abbg.jpg,98.1KB,2017/11/07,2015/10/21
wds/wds_best_db_mat_03.jpg,https://image.rakuten.co.jp/shopjapan/cabinet/wds/wds_best_db_mat_03.jpg,249.3KB,2017/10/17,2015/10/21
wds/wds_best_db_mat_04.jpg,https://image.rakuten.co.jp/shopjapan/cabinet/wds/wds_best_db_mat_04.jpg,306.4KB,2017/10/17,2015/10/22
wds/wds_best_db_mat_05.jpg,https://image.rakuten.co.jp/shopjapan/cabinet/wds/wds_best_db_mat_05.jpg,242.2KB,2017/10/17,2015/10/22
wds/wds_best_db_mat_06.jpg,https://image.rakuten.co.jp/shopjapan/cabinet/wds/wds_best_db_mat_06.jpg,248.6KB,2017/10/17,2015/10/22
wds/wds_best_mat.jpg,https://image.rakuten.co.jp/shopjapan/cabinet/wds/wds_best_mat.jpg,219.1KB,2017/10/17,2015/10/28
wds/wds_big_mat.jpg,https://image.rakuten.co.jp/shopjapan/cabinet/wds/wds_big_mat.jpg,42.2KB,2017/11/07,2015/10/19
wds/wds_big_mat2.jpg,https://image.rakuten.co.jp/shopjapan/cabinet/wds/wds_big_mat2.jpg,222.3KB,2017/11/07,2015/10/28
wds/wds_big_mat3.jpg,https://image.rakuten.co.jp/shopjapan/cabinet/wds/wds_big_mat3.jpg,272KB,2017/11/06,2015/10/28
wds/wds_blue_detail.jpg,https://image.rakuten.co.jp/shopjapan/cabinet/wds/wds_blue_detail.jpg,338.9KB,2017/10/31,2015/07/14
wds/color/wds_blue_detail_02.jpg,https://image.rakuten.co.jp/shopjapan/cabinet/wds/color/wds_blue_detail_02.jpg,340.4KB,2017/10/20,2016/11/04
wds/wds_btn_mat.jpg,https://image.rakuten.co.jp/shopjapan/cabinet/wds/wds_btn_mat.jpg,44.6KB,2017/10/17,2015/10/21
wds/wds_btn_normal.jpg,https://image.rakuten.co.jp/shopjapan/cabinet/wds/wds_btn_normal.jpg,44.1KB,2017/10/17,2015/10/21
stp/koy/wds_cart_btn.jpg,https://image.rakuten.co.jp/shopjapan/cabinet/stp/koy/wds_cart_btn.jpg,18.8KB,2017/08/30,2016/08/19
wds/wds_choi_01.jpg,https://image.rakuten.co.jp/shopjapan/cabinet/wds/wds_choi_01.jpg,278KB,2017/10/17,2016/09/26
wds/wds_choi_02.jpg,https://image.rakuten.co.jp/shopjapan/cabinet/wds/wds_choi_02.jpg,221.7KB,2017/10/17,2016/09/26
wds/wds_cp_0222_sp.jpg,https://image.rakuten.co.jp/shopjapan/cabinet/wds/wds_cp_0222_sp.jpg,438KB,2017/10/17,2016/02/16
wds/wds_cp_1024_01.jpg,https://image.rakuten.co.jp/shopjapan/cabinet/wds/wds_cp_1024_01.jpg,164.9KB,2017/10/17,2016/09/29
wds/wds_cp_1024_02.jpg,https://image.rakuten.co.jp/shopjapan/cabinet/wds/wds_cp_1024_02.jpg,287.4KB,2017/10/17,2016/09/29
wds/wds_cp_1024_03.jpg,https://image.rakuten.co.jp/shopjapan/cabinet/wds/wds_cp_1024_03.jpg,311.4KB,2017/10/17,2016/09/29
wds/wds_cp_1024_04.jpg,https://image.rakuten.co.jp/shopjapan/cabinet/wds/wds_cp_1024_04.jpg,287.1KB,2017/10/17,2016/10/03
wds/wds_cp_1024_05.jpg,https://image.rakuten.co.jp/shopjapan/cabinet/wds/wds_cp_1024_05.jpg,311.3KB,2017/10/17,2016/10/03
wds/wds_dai_sc.jpg,https://image.rakuten.co.jp/shopjapan/cabinet/wds/wds_dai_sc.jpg,321.4KB,2017/10/17,2016/09/26
wds/wds_dou_950.jpg,https://image.rakuten.co.jp/shopjapan/cabinet/wds/wds_dou_950.jpg,82.9KB,2017/10/17,2016/09/26
mail/cp/wds_han01.jpg,https://image.rakuten.co.jp/shopjapan/cabinet/mail/cp/wds_han01.jpg,256.5KB,2017/11/05,2016/07/11
mail/cp/wds_han02.jpg,https://image.rakuten.co.jp/shopjapan/cabinet/mail/cp/wds_han02.jpg,269.6KB,2017/11/05,2016/07/11
mail/cp/wds_han03.jpg,https://image.rakuten.co.jp/shopjapan/cabinet/mail/cp/wds_han03.jpg,240.8KB,2017/11/05,2016/07/11
mail/cp/wds_han04.jpg,https://image.rakuten.co.jp/shopjapan/cabinet/mail/cp/wds_han04.jpg,474.4KB,2017/11/05,2016/07/11
wds/item/wds_han0714.jpg,https://image.rakuten.co.jp/shopjapan/cabinet/wds/item/wds_han0714.jpg,101.9KB,2017/11/06,2017/07/13
wds/item/wds_hpi_mat.jpg,https://image.rakuten.co.jp/shopjapan/cabinet/wds/item/wds_hpi_mat.jpg,63.6KB,2017/11/07,2016/06/23
wds/item/wds_item_best.jpg,https://image.rakuten.co.jp/shopjapan/cabinet/wds/item/wds_item_best.jpg,60.4KB,2017/08/30,2016/02/15
wds/item/wds_item_mat.jpg,https://image.rakuten.co.jp/shopjapan/cabinet/wds/item/wds_item_mat.jpg,50.9KB,2017/08/30,2016/03/01
wds/item/wds_item_per.jpg,https://image.rakuten.co.jp/shopjapan/cabinet/wds/item/wds_item_per.jpg,76.2KB,2017/10/06,2016/02/15
wds/item/wds_item_twi.jpg,https://image.rakuten.co.jp/shopjapan/cabinet/wds/item/wds_item_twi.jpg,58.4KB,2017/11/02,2016/02/15
wds/wds_kv_sp_0222.jpg,https://image.rakuten.co.jp/shopjapan/cabinet/wds/wds_kv_sp_0222.jpg,71.3KB,2017/10/17,2016/02/16
wds/color/wds_lgxwht_zoom.jpg,https://image.rakuten.co.jp/shopjapan/cabinet/wds/color/wds_lgxwht_zoom.jpg,225.5KB,2017/10/25,2015/10/02
wds/color/wds_lgxwht_zoom_02.jpg,https://image.rakuten.co.jp/shopjapan/cabinet/wds/color/wds_lgxwht_zoom_02.jpg,231.6KB,2017/11/07,2016/11/04
wds/color/wds_limegreen_zoom.jpg,https://image.rakuten.co.jp/shopjapan/cabinet/wds/color/wds_limegreen_zoom.jpg,255.5KB,2017/10/23,2015/10/15
wds/color/wds_limegreen_zoom_0.jpg,https://image.rakuten.co.jp/shopjapan/cabinet/wds/color/wds_limegreen_zoom_0.jpg,257.8KB,2017/11/07,2016/11/04
wds/wds_lineup_sp.jpg,https://image.rakuten.co.jp/shopjapan/cabinet/wds/wds_lineup_sp.jpg,16.4KB,2017/11/07,2015/10/20
wds/wds_lp01_0412.jpg,https://image.rakuten.co.jp/shopjapan/cabinet/wds/wds_lp01_0412.jpg,78.7KB,2017/10/26,2017/04/13
wds/wds_lp_0412.jpg,https://image.rakuten.co.jp/shopjapan/cabinet/wds/wds_lp_0412.jpg,21.2KB,2017/10/17,2017/04/13
share/outlet/wds_main2.jpg,https://image.rakuten.co.jp/shopjapan/cabinet/share/outlet/wds_main2.jpg,199.9KB,2017/08/10,2017/06/15
share/outlet/wds_main3.jpg,https://image.rakuten.co.jp/shopjapan/cabinet/share/outlet/wds_main3.jpg,212.9KB,2017/08/10,2017/06/16
share/outlet/wds_main4.jpg,https://image.rakuten.co.jp/shopjapan/cabinet/share/outlet/wds_main4.jpg,196.3KB,2017/10/24,2017/06/21
share/outlet/wds_main5.jpg,https://image.rakuten.co.jp/shopjapan/cabinet/share/outlet/wds_main5.jpg,213.8KB,2017/08/10,2017/06/21
share/outlet/wds_main6.jpg,https://image.rakuten.co.jp/shopjapan/cabinet/share/outlet/wds_main6.jpg,211KB,2017/11/07,2017/06/22
wds/item/wds_nbbb.jpg,https://image.rakuten.co.jp/shopjapan/cabinet/wds/item/wds_nbbb.jpg,95.8KB,2017/11/07,2015/10/21
wds/item/wds_nbsg.jpg,https://image.rakuten.co.jp/shopjapan/cabinet/wds/item/wds_nbsg.jpg,96.2KB,2017/11/07,2015/10/21
wds/item/wds_ngbb.jpg,https://image.rakuten.co.jp/shopjapan/cabinet/wds/item/wds_ngbb.jpg,100.2KB,2017/11/07,2015/10/21
wds/item/wds_ngbg.jpg,https://image.rakuten.co.jp/shopjapan/cabinet/wds/item/wds_ngbg.jpg,100.6KB,2017/11/07,2015/10/21
wds/item/wds_nobb.jpg,https://image.rakuten.co.jp/shopjapan/cabinet/wds/item/wds_nobb.jpg,99.2KB,2017/11/07,2015/10/21
wds/item/wds_nobg.jpg,https://image.rakuten.co.jp/shopjapan/cabinet/wds/item/wds_nobg.jpg,99.6KB,2017/11/07,2015/10/21
wds/item/wds_npbb.jpg,https://image.rakuten.co.jp/shopjapan/cabinet/wds/item/wds_npbb.jpg,98KB,2017/11/07,2015/10/21
wds/item/wds_npbg.jpg,https://image.rakuten.co.jp/shopjapan/cabinet/wds/item/wds_npbg.jpg,98.4KB,2017/11/07,2015/10/21
wds/item/wds_nrdb.jpg,https://image.rakuten.co.jp/shopjapan/cabinet/wds/item/wds_nrdb.jpg,98.5KB,2017/11/07,2015/10/21
wds/item/wds_nrdg.jpg,https://image.rakuten.co.jp/shopjapan/cabinet/wds/item/wds_nrdg.jpg,98.9KB,2017/11/07,2015/10/21
wds/item/wds_nsbb.jpg,https://image.rakuten.co.jp/shopjapan/cabinet/wds/item/wds_nsbb.jpg,99.6KB,2017/11/07,2015/10/21
wds/item/wds_nsbg.jpg,https://image.rakuten.co.jp/shopjapan/cabinet/wds/item/wds_nsbg.jpg,100KB,2017/11/07,2015/10/21
wds/item/wds_nwbb.jpg,https://image.rakuten.co.jp/shopjapan/cabinet/wds/item/wds_nwbb.jpg,96.1KB,2017/11/07,2015/10/21
wds/item/wds_nwbg.jpg,https://image.rakuten.co.jp/shopjapan/cabinet/wds/item/wds_nwbg.jpg,96.5KB,2017/11/07,2015/10/21
share/outlet/wds_pc.jpg,https://image.rakuten.co.jp/shopjapan/cabinet/share/outlet/wds_pc.jpg,176.6KB,2017/08/10,2017/06/27
wds/color/wds_red_zoom.jpg,https://image.rakuten.co.jp/shopjapan/cabinet/wds/color/wds_red_zoom.jpg,341.6KB,2017/09/28,2016/09/20
wds/color/wds_red_zoom03.jpg,https://image.rakuten.co.jp/shopjapan/cabinet/wds/color/wds_red_zoom03.jpg,342.5KB,2017/10/20,2017/08/31
wds/wds_review_sp.jpg,https://image.rakuten.co.jp/shopjapan/cabinet/wds/wds_review_sp.jpg,108.4KB,2017/10/17,2016/04/22
wds/wds_s1_0329.jpg,https://image.rakuten.co.jp/shopjapan/cabinet/wds/wds_s1_0329.jpg,124.6KB,2017/11/07,2017/03/21
wds/item/wds_s1_0614.jpg,https://image.rakuten.co.jp/shopjapan/cabinet/wds/item/wds_s1_0614.jpg,121.8KB,2017/11/07,2017/06/13
wds/item/wds_s1_han_0120.jpg,https://image.rakuten.co.jp/shopjapan/cabinet/wds/item/wds_s1_han_0120.jpg,70.4KB,2017/11/07,2017/01/18
wds/item/wds_s1_sou.jpg,https://image.rakuten.co.jp/shopjapan/cabinet/wds/item/wds_s1_sou.jpg,115.9KB,2017/11/07,2017/02/08
wds/wds_s2_0329.jpg,https://image.rakuten.co.jp/shopjapan/cabinet/wds/wds_s2_0329.jpg,142.9KB,2017/10/23,2017/03/27
wds/item/wds_s3_2color.jpg,https://image.rakuten.co.jp/shopjapan/cabinet/wds/item/wds_s3_2color.jpg,71.9KB,2017/11/07,2017/08/08
wds/item/wds_s3_han.jpg,https://image.rakuten.co.jp/shopjapan/cabinet/wds/item/wds_s3_han.jpg,114.3KB,2017/09/29,2017/01/18
wds/item/wds_s3_han_r.jpg,https://image.rakuten.co.jp/shopjapan/cabinet/wds/item/wds_s3_han_r.jpg,114.6KB,2017/09/29,2017/01/20
wds/item/wds_s3_ie.jpg,https://image.rakuten.co.jp/shopjapan/cabinet/wds/item/wds_s3_ie.jpg,130.5KB,2017/09/29,2017/01/31
wds/item/wds_s3_sou.jpg,https://image.rakuten.co.jp/shopjapan/cabinet/wds/item/wds_s3_sou.jpg,89.5KB,2017/09/29,2017/01/18
wds/item/wds_s4_0120.jpg,https://image.rakuten.co.jp/shopjapan/cabinet/wds/item/wds_s4_0120.jpg,133.9KB,2017/11/07,2017/01/18
wds/wds_sc01_0529.jpg,https://image.rakuten.co.jp/shopjapan/cabinet/wds/wds_sc01_0529.jpg,470.7KB,2017/10/31,2017/05/26
wds/wds_sc1_1024_syu.jpg,https://image.rakuten.co.jp/shopjapan/cabinet/wds/wds_sc1_1024_syu.jpg,169.8KB,2017/10/17,2016/10/19
wds/wds_sc2_1024_syu.jpg,https://image.rakuten.co.jp/shopjapan/cabinet/wds/wds_sc2_1024_syu.jpg,509.8KB,2017/10/17,2016/10/19
wds/wds_sc2_1028_syu.jpg,https://image.rakuten.co.jp/shopjapan/cabinet/wds/wds_sc2_1028_syu.jpg,510.8KB,2017/10/17,2016/10/26
wds/wds_sc3_0120.jpg,https://image.rakuten.co.jp/shopjapan/cabinet/wds/wds_sc3_0120.jpg,472.9KB,2017/10/17,2017/01/18
wds/wds_sc3_0120_sp.jpg,https://image.rakuten.co.jp/shopjapan/cabinet/wds/wds_sc3_0120_sp.jpg,358.9KB,2017/10/17,2017/01/18
wds/wds_sc_title.jpg,https://image.rakuten.co.jp/shopjapan/cabinet/wds/wds_sc_title.jpg,61.5KB,2017/10/17,2016/09/26
wds/wds_sou_sc02.jpg,https://image.rakuten.co.jp/shopjapan/cabinet/wds/wds_sou_sc02.jpg,213.5KB,2017/10/17,2017/04/05
wds/wds_sou_sc03.jpg,https://image.rakuten.co.jp/shopjapan/cabinet/wds/wds_sou_sc03.jpg,239.3KB,2017/10/17,2017/04/05
wds/wds_sou_sc1.jpg,https://image.rakuten.co.jp/shopjapan/cabinet/wds/wds_sou_sc1.jpg,182.7KB,2017/10/29,2017/02/01
wds/wds_sou_sc2.jpg,https://image.rakuten.co.jp/shopjapan/cabinet/wds/wds_sou_sc2.jpg,212.5KB,2017/10/30,2017/02/01
wds/wds_sou_sc3.jpg,https://image.rakuten.co.jp/shopjapan/cabinet/wds/wds_sou_sc3.jpg,237.1KB,2017/10/26,2017/02/01
wds/wds_sou_spsc02.jpg,https://image.rakuten.co.jp/shopjapan/cabinet/wds/wds_sou_spsc02.jpg,154.3KB,2017/10/17,2017/04/05
wds/wds_sou_spsc03.jpg,https://image.rakuten.co.jp/shopjapan/cabinet/wds/wds_sou_spsc03.jpg,170KB,2017/10/17,2017/04/05
wds/wds_sou_spsc1.jpg,https://image.rakuten.co.jp/shopjapan/cabinet/wds/wds_sou_spsc1.jpg,165.1KB,2017/10/17,2017/02/01
wds/wds_sou_spsc2.jpg,https://image.rakuten.co.jp/shopjapan/cabinet/wds/wds_sou_spsc2.jpg,150.1KB,2017/10/17,2017/02/01
wds/wds_sou_spsc3.jpg,https://image.rakuten.co.jp/shopjapan/cabinet/wds/wds_sou_spsc3.jpg,165.8KB,2017/10/17,2017/02/01
share/outlet/wds_sp.jpg,https://image.rakuten.co.jp/shopjapan/cabinet/share/outlet/wds_sp.jpg,138.9KB,2017/08/10,2017/06/27
wds/wds_space_sp.jpg,https://image.rakuten.co.jp/shopjapan/cabinet/wds/wds_space_sp.jpg,2.8KB,2017/10/17,2016/11/14
share/super/wds_ss_01.jpg,https://image.rakuten.co.jp/shopjapan/cabinet/share/super/wds_ss_01.jpg,141.5KB,2017/11/07,2017/03/02
share/outlet/wds_sub1.jpg,https://image.rakuten.co.jp/shopjapan/cabinet/share/outlet/wds_sub1.jpg,120.4KB,2017/10/24,2017/06/15
share/outlet/wds_sub2.jpg,https://image.rakuten.co.jp/shopjapan/cabinet/share/outlet/wds_sub2.jpg,209.1KB,2017/11/06,2017/06/15
share/outlet/wds_sub3.jpg,https://image.rakuten.co.jp/shopjapan/cabinet/share/outlet/wds_sub3.jpg,151.8KB,2017/11/06,2017/06/15
share/outlet/wds_sub4.jpg,https://image.rakuten.co.jp/shopjapan/cabinet/share/outlet/wds_sub4.jpg,177.6KB,2017/11/06,2017/06/15
share/outlet/wds_sub5.jpg,https://image.rakuten.co.jp/shopjapan/cabinet/share/outlet/wds_sub5.jpg,240.3KB,2017/10/24,2017/06/15
share/outlet/wds_sub6.jpg,https://image.rakuten.co.jp/shopjapan/cabinet/share/outlet/wds_sub6.jpg,180.2KB,2017/10/13,2017/06/15
wds/wds_title_01.jpg,https://image.rakuten.co.jp/shopjapan/cabinet/wds/wds_title_01.jpg,25.2KB,2017/10/17,2016/09/26
mail/cp/wds_wake_pc_btn.jpg,https://image.rakuten.co.jp/shopjapan/cabinet/mail/cp/wds_wake_pc_btn.jpg,29.4KB,2017/10/30,2016/07/12
mail/cp/wds_wake_sp_btn.jpg,https://image.rakuten.co.jp/shopjapan/cabinet/mail/cp/wds_wake_sp_btn.jpg,29.3KB,2017/10/24,2016/07/12
share/cpc/wdt1.jpg,https://image.rakuten.co.jp/shopjapan/cabinet/share/cpc/wdt1.jpg,146KB,2017/11/06,2017/07/25
share/cpc/wdt3.jpg,https://image.rakuten.co.jp/shopjapan/cabinet/share/cpc/wdt3.jpg,91.6KB,2017/11/06,2017/07/25
wdt/wdt_4color.jpg,https://image.rakuten.co.jp/shopjapan/cabinet/wdt/wdt_4color.jpg,211.5KB,2017/11/07,2017/05/01
wdt/wdt_4color_sp.jpg,https://image.rakuten.co.jp/shopjapan/cabinet/wdt/wdt_4color_sp.jpg,237.5KB,2017/11/07,2017/05/01
wdt/wdt_4c_kago01.jpg,https://image.rakuten.co.jp/shopjapan/cabinet/wdt/wdt_4c_kago01.jpg,133.3KB,2017/11/07,2017/05/01
wdt/wdt_4c_kago02.jpg,https://image.rakuten.co.jp/shopjapan/cabinet/wdt/wdt_4c_kago02.jpg,99.7KB,2017/11/04,2017/05/01
wdt/wdt_brown.jpg,https://image.rakuten.co.jp/shopjapan/cabinet/wdt/wdt_brown.jpg,186.4KB,2017/11/07,2017/04/13
wds/wdt_do0412.jpg,https://image.rakuten.co.jp/shopjapan/cabinet/wds/wdt_do0412.jpg,205.3KB,2017/10/26,2017/04/13
wdt/wdt_dou2.jpg,https://image.rakuten.co.jp/shopjapan/cabinet/wdt/wdt_dou2.jpg,85.8KB,2017/11/05,2017/01/27
wdt/wdt_lpsp_02.jpg,https://image.rakuten.co.jp/shopjapan/cabinet/wdt/wdt_lpsp_02.jpg,355.5KB,2017/10/27,2016/11/21
wdt/wdt_lpsp_03.jpg,https://image.rakuten.co.jp/shopjapan/cabinet/wdt/wdt_lpsp_03.jpg,318.9KB,2017/10/27,2016/11/21
wdt/wdt_lpsp_04.jpg,https://image.rakuten.co.jp/shopjapan/cabinet/wdt/wdt_lpsp_04.jpg,101.5KB,2017/10/27,2016/11/21
wdt/wdt_lpsp_05.jpg,https://image.rakuten.co.jp/shopjapan/cabinet/wdt/wdt_lpsp_05.jpg,135.2KB,2017/10/27,2016/11/21
wdt/wdt_lpsp_06.jpg,https://image.rakuten.co.jp/shopjapan/cabinet/wdt/wdt_lpsp_06.jpg,303.5KB,2017/11/07,2016/11/21
wdt/wdt_lpsp_09.jpg,https://image.rakuten.co.jp/shopjapan/cabinet/wdt/wdt_lpsp_09.jpg,139.1KB,2017/11/07,2016/11/22
wdt/wdt_lpsp_10.jpg,https://image.rakuten.co.jp/shopjapan/cabinet/wdt/wdt_lpsp_10.jpg,164.1KB,2017/11/07,2016/11/22
wdt/wdt_m1.jpg,https://image.rakuten.co.jp/shopjapan/cabinet/wdt/wdt_m1.jpg,86.1KB,2017/10/27,2017/04/28
wdt/wdt_m1_01.jpg,https://image.rakuten.co.jp/shopjapan/cabinet/wdt/wdt_m1_01.jpg,86.6KB,2017/11/07,2017/05/08
wdt/wdt_mat_s1_0714.jpg,https://image.rakuten.co.jp/shopjapan/cabinet/wdt/wdt_mat_s1_0714.jpg,118.8KB,2017/11/06,2017/07/13
wdt/wdt_m_cp.jpg,https://image.rakuten.co.jp/shopjapan/cabinet/wdt/wdt_m_cp.jpg,106.7KB,2017/10/27,2017/04/28
wdt/wdt_s1.jpg,https://image.rakuten.co.jp/shopjapan/cabinet/wdt/wdt_s1.jpg,116KB,2017/11/07,2016/06/28
wdt/wdt_s1_0607.jpg,https://image.rakuten.co.jp/shopjapan/cabinet/wdt/wdt_s1_0607.jpg,110.9KB,2017/10/31,2017/06/05
wdt/wdt_s1_0831.jpg,https://image.rakuten.co.jp/shopjapan/cabinet/wdt/wdt_s1_0831.jpg,84.8KB,2017/11/07,2017/08/30
wdt/wdt_s1_0831_01.jpg,https://image.rakuten.co.jp/shopjapan/cabinet/wdt/wdt_s1_0831_01.jpg,121.6KB,2017/11/07,2017/08/30
wdt/wdt_s1_0831_02.jpg,https://image.rakuten.co.jp/shopjapan/cabinet/wdt/wdt_s1_0831_02.jpg,92.7KB,2017/10/31,2017/08/30
wdt/wdt_s1_0919.jpg,https://image.rakuten.co.jp/shopjapan/cabinet/wdt/wdt_s1_0919.jpg,121.4KB,2017/10/31,2017/09/15
wdt/wdt_s1_0919_01.jpg,https://image.rakuten.co.jp/shopjapan/cabinet/wdt/wdt_s1_0919_01.jpg,121.5KB,2017/11/07,2017/09/19
wdt/wdt_s2.jpg,https://image.rakuten.co.jp/shopjapan/cabinet/wdt/wdt_s2.jpg,116.3KB,2017/11/07,2017/02/08
wdt/wdt_s2_0529.jpg,https://image.rakuten.co.jp/shopjapan/cabinet/wdt/wdt_s2_0529.jpg,130KB,2017/10/31,2017/05/25
wdt/wdt_s3_0529.jpg,https://image.rakuten.co.jp/shopjapan/cabinet/wdt/wdt_s3_0529.jpg,100.2KB,2017/10/31,2017/05/25
wdt/wdt_s4.jpg,https://image.rakuten.co.jp/shopjapan/cabinet/wdt/wdt_s4.jpg,112.8KB,2017/11/04,2017/02/08
wdt/wdt_s4_0714.jpg,https://image.rakuten.co.jp/shopjapan/cabinet/wdt/wdt_s4_0714.jpg,162.9KB,2017/10/31,2017/07/13
wdt/wdt_sc_0708_sp.jpg,https://image.rakuten.co.jp/shopjapan/cabinet/wdt/wdt_sc_0708_sp.jpg,121.8KB,2017/10/27,2016/07/07
wdt/wdt_sc_0715_sp.jpg,https://image.rakuten.co.jp/shopjapan/cabinet/wdt/wdt_sc_0715_sp.jpg,124.2KB,2017/10/27,2016/07/14
pirrow/wel01.jpg,https://image.rakuten.co.jp/shopjapan/cabinet/pirrow/wel01.jpg,19.8KB,2017/11/07,2016/02/19
pirrow/wel02.jpg,https://image.rakuten.co.jp/shopjapan/cabinet/pirrow/wel02.jpg,17.3KB,2017/11/07,2016/02/19
pirrow/wel03.jpg,https://image.rakuten.co.jp/shopjapan/cabinet/pirrow/wel03.jpg,21.4KB,2017/11/07,2016/02/19
cleaning/white.jpg,https://image.rakuten.co.jp/shopjapan/cabinet/cleaning/white.jpg,1.3KB,2012/06/08,2011/10/19
nue/white.jpg,https://image.rakuten.co.jp/shopjapan/cabinet/nue/white.jpg,207.5KB,2017/11/05,2017/02/07
sim/white1_dou_sp.jpg,https://image.rakuten.co.jp/shopjapan/cabinet/sim/white1_dou_sp.jpg,196.1KB,2017/11/07,2017/08/17
cleaning/white_b.jpg,https://image.rakuten.co.jp/shopjapan/cabinet/cleaning/white_b.jpg,1.5KB,2012/06/08,2011/10/24
nue/white_dou.jpg,https://image.rakuten.co.jp/shopjapan/cabinet/nue/white_dou.jpg,100KB,2017/11/02,2017/01/20
nue/white_dou_sp.jpg,https://image.rakuten.co.jp/shopjapan/cabinet/nue/white_dou_sp.jpg,78.7KB,2017/11/02,2017/01/20
sim/white_dou_sp.jpg,https://image.rakuten.co.jp/shopjapan/cabinet/sim/white_dou_sp.jpg,213.9KB,2017/10/31,2017/07/21
sim/wh_pcsc.jpg,https://image.rakuten.co.jp/shopjapan/cabinet/sim/wh_pcsc.jpg,176.3KB,2017/11/07,2017/07/19
sim/wh_spsc.jpg,https://image.rakuten.co.jp/shopjapan/cabinet/sim/wh_spsc.jpg,142KB,2017/11/07,2017/07/19
share/win_p2.jpg,https://image.rakuten.co.jp/shopjapan/cabinet/share/win_p2.jpg,44KB,2017/08/17,2014/08/10
ssap/wklp_01.jpg,https://image.rakuten.co.jp/shopjapan/cabinet/ssap/wklp_01.jpg,133.6KB,2017/10/25,2017/03/02
ssap/wklp_02.jpg,https://image.rakuten.co.jp/shopjapan/cabinet/ssap/wklp_02.jpg,146.3KB,2017/10/25,2017/03/02
ssap/wklp_03.jpg,https://image.rakuten.co.jp/shopjapan/cabinet/ssap/wklp_03.jpg,16.9KB,2017/10/25,2017/03/02
ssap/wksplp_01.jpg,https://image.rakuten.co.jp/shopjapan/cabinet/ssap/wksplp_01.jpg,136KB,2017/10/29,2017/03/02
ssap/wksplp_02.jpg,https://image.rakuten.co.jp/shopjapan/cabinet/ssap/wksplp_02.jpg,147.7KB,2017/10/29,2017/03/02
ssap/wksplp_03.jpg,https://image.rakuten.co.jp/shopjapan/cabinet/ssap/wksplp_03.jpg,19.8KB,2017/10/29,2017/03/02
sim/wk_s1.jpg,https://image.rakuten.co.jp/shopjapan/cabinet/sim/wk_s1.jpg,140KB,2017/11/07,2017/09/07
swcf/wk_s1_0911.jpg,https://image.rakuten.co.jp/shopjapan/cabinet/swcf/wk_s1_0911.jpg,160.8KB,2017/11/07,2017/09/07
swcf/wk_s1_0913.jpg,https://image.rakuten.co.jp/shopjapan/cabinet/swcf/wk_s1_0913.jpg,147.8KB,2017/11/07,2017/09/13
items3/wmp.gif,https://image.rakuten.co.jp/shopjapan/cabinet/items3/wmp.gif,1.4KB,2017/08/30,2006/02/06
boj/wmp.gif,https://image.rakuten.co.jp/shopjapan/cabinet/boj/wmp.gif,1.3KB,2017/09/18,2007/03/07
boj/wmp-b.gif,https://image.rakuten.co.jp/shopjapan/cabinet/boj/wmp-b.gif,1.4KB,2017/08/30,2007/03/06
crf/item/wn.jpg,https://image.rakuten.co.jp/shopjapan/cabinet/crf/item/wn.jpg,96.2KB,2017/11/07,2016/03/30
crff/s1/wn.jpg,https://image.rakuten.co.jp/shopjapan/cabinet/crff/s1/wn.jpg,109.8KB,2017/10/30,2016/09/13
crf/wn_haikei.jpg,https://image.rakuten.co.jp/shopjapan/cabinet/crf/wn_haikei.jpg,65.9KB,2017/10/20,2016/08/01
world_cup_ban.jpg,https://image.rakuten.co.jp/shopjapan/cabinet/world_cup_ban.jpg,33.9KB,2017/05/15,2010/06/24
trsp35/wow2_pc170823.jpg,https://image.rakuten.co.jp/shopjapan/cabinet/trsp35/wow2_pc170823.jpg,367.1KB,2017/11/07,2017/08/23
wow_items_pc.jpg,https://image.rakuten.co.jp/shopjapan/cabinet/wow_items_pc.jpg,635.1KB,2017/11/07,2016/12/15
wow_items_pc2.jpg,https://image.rakuten.co.jp/shopjapan/cabinet/wow_items_pc2.jpg,788.7KB,2017/11/07,2016/12/15
wow_items_pc3.jpg,https://image.rakuten.co.jp/shopjapan/cabinet/wow_items_pc3.jpg,783KB,2017/11/07,2016/12/16
wow_items_pc4.jpg,https://image.rakuten.co.jp/shopjapan/cabinet/wow_items_pc4.jpg,632.2KB,2017/11/07,2016/12/22
trsp35/wow_sp170823.jpg,https://image.rakuten.co.jp/shopjapan/cabinet/trsp35/wow_sp170823.jpg,250.8KB,2017/11/07,2017/08/23
wpn/wpn_0006.jpg,https://image.rakuten.co.jp/shopjapan/cabinet/wpn/wpn_0006.jpg,217.6KB,2017/11/07,2016/02/26
wpn/wpn_006.jpg,https://image.rakuten.co.jp/shopjapan/cabinet/wpn/wpn_006.jpg,217.6KB,2017/09/07,2016/02/25
wpn/wpn_01.jpg,https://image.rakuten.co.jp/shopjapan/cabinet/wpn/wpn_01.jpg,236.1KB,2017/11/07,2015/10/13
wpn/wpn_02.jpg,https://image.rakuten.co.jp/shopjapan/cabinet/wpn/wpn_02.jpg,209.7KB,2017/10/04,2015/10/13
wpn/wpn_03.jpg,https://image.rakuten.co.jp/shopjapan/cabinet/wpn/wpn_03.jpg,225.9KB,2017/04/25,2015/10/13
wpn/wpn_04.jpg,https://image.rakuten.co.jp/shopjapan/cabinet/wpn/wpn_04.jpg,49.6KB,2017/10/31,2015/10/13
wpn/wpn_05.jpg,https://image.rakuten.co.jp/shopjapan/cabinet/wpn/wpn_05.jpg,141.7KB,2017/10/31,2015/10/13
wpn/wpn_06.jpg,https://image.rakuten.co.jp/shopjapan/cabinet/wpn/wpn_06.jpg,195.1KB,2017/11/07,2015/10/19
wpn/wpn_s1.jpg,https://image.rakuten.co.jp/shopjapan/cabinet/wpn/wpn_s1.jpg,92.7KB,2017/11/07,2015/10/13
wpn/wpn_sp.jpg,https://image.rakuten.co.jp/shopjapan/cabinet/wpn/wpn_sp.jpg,210.7KB,2017/04/25,2015/10/13
wpn/wpn_sp_02.jpg,https://image.rakuten.co.jp/shopjapan/cabinet/wpn/wpn_sp_02.jpg,169.2KB,2017/04/25,2015/10/19
wpn/wpn_w_s01.jpg,https://image.rakuten.co.jp/shopjapan/cabinet/wpn/wpn_w_s01.jpg,106.5KB,2017/11/07,2016/02/25
wpn/wpn_w_s1.jpg,https://image.rakuten.co.jp/shopjapan/cabinet/wpn/wpn_w_s1.jpg,102.7KB,2017/10/26,2015/10/13
srct/item/ws1.jpg,https://image.rakuten.co.jp/shopjapan/cabinet/srct/item/ws1.jpg,118.3KB,2017/11/07,2017/02/15
srct/item/ws2.jpg,https://image.rakuten.co.jp/shopjapan/cabinet/srct/item/ws2.jpg,118.2KB,2017/04/11,2017/02/15
srct/item/ws3.jpg,https://image.rakuten.co.jp/shopjapan/cabinet/srct/item/ws3.jpg,88.6KB,2017/11/03,2017/02/15
wdc2/wsc_1702ss_sc01.jpg,https://image.rakuten.co.jp/shopjapan/cabinet/wdc2/wsc_1702ss_sc01.jpg,392.8KB,2017/10/19,2017/02/24
wsd/wsd_item1.jpg,https://image.rakuten.co.jp/shopjapan/cabinet/wsd/wsd_item1.jpg,110.4KB,2017/11/07,2016/12/08
wsd/wsd_lp_nk.jpg,https://image.rakuten.co.jp/shopjapan/cabinet/wsd/wsd_lp_nk.jpg,85.9KB,2017/08/24,2016/12/08
wsd/wsd_lp_nk2.jpg,https://image.rakuten.co.jp/shopjapan/cabinet/wsd/wsd_lp_nk2.jpg,84.8KB,2017/11/07,2017/04/20
wsd/wsd_lp_pc.jpg,https://image.rakuten.co.jp/shopjapan/cabinet/wsd/wsd_lp_pc.jpg,155.1KB,2017/11/04,2016/12/07
wsd/wsd_lp_pc-003.jpg,https://image.rakuten.co.jp/shopjapan/cabinet/wsd/wsd_lp_pc-003.jpg,311.6KB,2017/08/24,2016/12/19
wsd/wsd_lp_pc-02.jpg,https://image.rakuten.co.jp/shopjapan/cabinet/wsd/wsd_lp_pc-02.jpg,34.6KB,2017/11/07,2016/12/07
wsd/wsd_lp_pc-03.jpg,https://image.rakuten.co.jp/shopjapan/cabinet/wsd/wsd_lp_pc-03.jpg,442.6KB,2017/08/24,2016/12/07
wsd/wsd_lp_pc-04.jpg,https://image.rakuten.co.jp/shopjapan/cabinet/wsd/wsd_lp_pc-04.jpg,172.3KB,2017/11/07,2016/12/07
wsd/wsd_lp_pc-05.jpg,https://image.rakuten.co.jp/shopjapan/cabinet/wsd/wsd_lp_pc-05.jpg,99.2KB,2017/11/07,2016/12/16
wsd/wsd_lp_pc-06.jpg,https://image.rakuten.co.jp/shopjapan/cabinet/wsd/wsd_lp_pc-06.jpg,34.9KB,2017/11/07,2016/12/07
wsd/wsd_lp_pc-06-02.jpg,https://image.rakuten.co.jp/shopjapan/cabinet/wsd/wsd_lp_pc-06-02.jpg,157.4KB,2017/08/24,2016/12/07
wsd/wsd_lp_pc-07.jpg,https://image.rakuten.co.jp/shopjapan/cabinet/wsd/wsd_lp_pc-07.jpg,176.5KB,2017/11/07,2016/12/07
wsd/wsd_lp_pc-08.jpg,https://image.rakuten.co.jp/shopjapan/cabinet/wsd/wsd_lp_pc-08.jpg,85.3KB,2017/08/24,2016/12/07
wsd/wsd_lp_pc-09.jpg,https://image.rakuten.co.jp/shopjapan/cabinet/wsd/wsd_lp_pc-09.jpg,75KB,2017/11/07,2016/12/07
wsd/wsd_lp_pc-13.jpg,https://image.rakuten.co.jp/shopjapan/cabinet/wsd/wsd_lp_pc-13.jpg,157.7KB,2017/11/07,2016/12/08
wsd/wsd_lp_sp.jpg,https://image.rakuten.co.jp/shopjapan/cabinet/wsd/wsd_lp_sp.jpg,138.4KB,2017/08/24,2016/12/08
wsd/wsd_lp_sp-02.jpg,https://image.rakuten.co.jp/shopjapan/cabinet/wsd/wsd_lp_sp-02.jpg,152.1KB,2017/11/07,2016/12/08
wsd/wsd_lp_sp-03.jpg,https://image.rakuten.co.jp/shopjapan/cabinet/wsd/wsd_lp_sp-03.jpg,368KB,2017/08/24,2016/12/08
wsd/wsd_lp_sp-04.jpg,https://image.rakuten.co.jp/shopjapan/cabinet/wsd/wsd_lp_sp-04.jpg,247.2KB,2017/08/24,2016/12/08
wsd/wsd_lp_sp-05.jpg,https://image.rakuten.co.jp/shopjapan/cabinet/wsd/wsd_lp_sp-05.jpg,106.1KB,2017/11/07,2016/12/08
wsd/wsd_lp_sp-06.jpg,https://image.rakuten.co.jp/shopjapan/cabinet/wsd/wsd_lp_sp-06.jpg,226.5KB,2017/11/07,2016/12/08
wsd/wsd_lp_sp-07.jpg,https://image.rakuten.co.jp/shopjapan/cabinet/wsd/wsd_lp_sp-07.jpg,207.5KB,2017/11/07,2016/12/08
wsd/wsd_lp_sp-08.jpg,https://image.rakuten.co.jp/shopjapan/cabinet/wsd/wsd_lp_sp-08.jpg,152.7KB,2017/11/07,2016/12/08
wsd/wsd_lp_sp-09.jpg,https://image.rakuten.co.jp/shopjapan/cabinet/wsd/wsd_lp_sp-09.jpg,137.2KB,2017/11/07,2016/12/08
wsd/wsd_neckattachment.jpg,https://image.rakuten.co.jp/shopjapan/cabinet/wsd/wsd_neckattachment.jpg,67.5KB,2017/11/07,2016/12/08
wsd/wsd_perfect.jpg,https://image.rakuten.co.jp/shopjapan/cabinet/wsd/wsd_perfect.jpg,119.6KB,2017/11/07,2016/12/08
wsd/wsd_perfect_01.jpg,https://image.rakuten.co.jp/shopjapan/cabinet/wsd/wsd_perfect_01.jpg,81.4KB,2017/11/07,2016/12/09
wsd/wsd_screwholder.jpg,https://image.rakuten.co.jp/shopjapan/cabinet/wsd/wsd_screwholder.jpg,70.2KB,2017/11/07,2016/12/08
wsd/wsd_tsukaikonashi.jpg,https://image.rakuten.co.jp/shopjapan/cabinet/wsd/wsd_tsukaikonashi.jpg,121.9KB,2017/11/07,2016/12/08
wsd/wsd_tsukaikonashi_01.jpg,https://image.rakuten.co.jp/shopjapan/cabinet/wsd/wsd_tsukaikonashi_01.jpg,65.5KB,2017/11/07,2016/12/09
trsp2/wset_trsp_s1_s.jpg,https://image.rakuten.co.jp/shopjapan/cabinet/trsp2/wset_trsp_s1_s.jpg,45.3KB,2017/11/07,2014/12/16
trslineup/wsh.jpg,https://image.rakuten.co.jp/shopjapan/cabinet/trslineup/wsh.jpg,3.5KB,2017/08/24,2012/07/09
pirrow/wsh01.jpg,https://image.rakuten.co.jp/shopjapan/cabinet/pirrow/wsh01.jpg,8.4KB,2017/08/28,2012/07/09
pirrow/wsh02.jpg,https://image.rakuten.co.jp/shopjapan/cabinet/pirrow/wsh02.jpg,11.8KB,2017/08/28,2012/07/09
pirrow/wsh03.jpg,https://image.rakuten.co.jp/shopjapan/cabinet/pirrow/wsh03.jpg,10.7KB,2017/08/28,2012/07/09
wsn/wsn_001.jpg,https://image.rakuten.co.jp/shopjapan/cabinet/wsn/wsn_001.jpg,218.3KB,2017/11/03,2016/04/04
wsn/wsn_002.jpg,https://image.rakuten.co.jp/shopjapan/cabinet/wsn/wsn_002.jpg,106.7KB,2017/08/30,2016/04/04
wsn/wsn_003.jpg,https://image.rakuten.co.jp/shopjapan/cabinet/wsn/wsn_003.jpg,650.2KB,2017/10/22,2016/04/04
wsn/wsn_003_bg.jpg,https://image.rakuten.co.jp/shopjapan/cabinet/wsn/wsn_003_bg.jpg,632.1KB,2017/10/23,2016/04/18
wsn/wsn_004.jpg,https://image.rakuten.co.jp/shopjapan/cabinet/wsn/wsn_004.jpg,270.2KB,2017/08/30,2016/04/04
wsn/wsn_004_bg.jpg,https://image.rakuten.co.jp/shopjapan/cabinet/wsn/wsn_004_bg.jpg,227.7KB,2017/08/30,2016/04/18
wsn/wsn_005.jpg,https://image.rakuten.co.jp/shopjapan/cabinet/wsn/wsn_005.jpg,245.4KB,2017/08/30,2016/04/04
wsn/wsn_005_bg.jpg,https://image.rakuten.co.jp/shopjapan/cabinet/wsn/wsn_005_bg.jpg,195KB,2017/10/23,2016/04/18
wsn/wsn_006.jpg,https://image.rakuten.co.jp/shopjapan/cabinet/wsn/wsn_006.jpg,418.9KB,2017/08/30,2016/04/04
wsn/wsn_006_bg.jpg,https://image.rakuten.co.jp/shopjapan/cabinet/wsn/wsn_006_bg.jpg,156.2KB,2017/08/30,2016/04/18
wsn/wsn_006_bg2.jpg,https://image.rakuten.co.jp/shopjapan/cabinet/wsn/wsn_006_bg2.jpg,189.1KB,2017/10/23,2016/04/18
wsn/wsn_007.jpg,https://image.rakuten.co.jp/shopjapan/cabinet/wsn/wsn_007.jpg,122.2KB,2017/08/30,2016/04/04
wsn/wsn_007_bg.jpg,https://image.rakuten.co.jp/shopjapan/cabinet/wsn/wsn_007_bg.jpg,72.7KB,2017/10/23,2016/04/18
wsn/wsn_008.jpg,https://image.rakuten.co.jp/shopjapan/cabinet/wsn/wsn_008.jpg,272.5KB,2017/08/30,2016/04/04
wsn/wsn_008_bg.jpg,https://image.rakuten.co.jp/shopjapan/cabinet/wsn/wsn_008_bg.jpg,128.3KB,2017/08/30,2016/04/18
wsn/wsn_009.jpg,https://image.rakuten.co.jp/shopjapan/cabinet/wsn/wsn_009.jpg,682.3KB,2017/08/30,2016/04/04
wsn/wsn_009_bg.jpg,https://image.rakuten.co.jp/shopjapan/cabinet/wsn/wsn_009_bg.jpg,583.7KB,2017/10/23,2016/04/18
wsn/wsn_010.jpg,https://image.rakuten.co.jp/shopjapan/cabinet/wsn/wsn_010.jpg,384.3KB,2017/08/30,2016/04/04
wsn/wsn_010_bg.jpg,https://image.rakuten.co.jp/shopjapan/cabinet/wsn/wsn_010_bg.jpg,285.9KB,2017/08/30,2016/04/18
wsn/wsn_011.jpg,https://image.rakuten.co.jp/shopjapan/cabinet/wsn/wsn_011.jpg,313.6KB,2017/08/30,2016/04/04
wsn/wsn_011_bg.jpg,https://image.rakuten.co.jp/shopjapan/cabinet/wsn/wsn_011_bg.jpg,207.7KB,2017/08/30,2016/04/18
wsn/wsn_012.jpg,https://image.rakuten.co.jp/shopjapan/cabinet/wsn/wsn_012.jpg,291.9KB,2017/08/30,2016/04/04
wsn/wsn_012_bg.jpg,https://image.rakuten.co.jp/shopjapan/cabinet/wsn/wsn_012_bg.jpg,241.2KB,2017/08/30,2016/04/18
wsn/wsn_013.jpg,https://image.rakuten.co.jp/shopjapan/cabinet/wsn/wsn_013.jpg,420.9KB,2017/08/30,2016/04/04
wsn/wsn_013_bg.jpg,https://image.rakuten.co.jp/shopjapan/cabinet/wsn/wsn_013_bg.jpg,276.9KB,2017/08/30,2016/04/18
wsn/wsn_014.jpg,https://image.rakuten.co.jp/shopjapan/cabinet/wsn/wsn_014.jpg,139.9KB,2017/10/22,2016/04/04
wsn/wsn_014_bg.jpg,https://image.rakuten.co.jp/shopjapan/cabinet/wsn/wsn_014_bg.jpg,82.2KB,2017/10/23,2016/04/18
wsn/wsn_015.jpg,https://image.rakuten.co.jp/shopjapan/cabinet/wsn/wsn_015.jpg,114.8KB,2017/08/30,2016/04/04
wsn/wsn_0531_01.jpg,https://image.rakuten.co.jp/shopjapan/cabinet/wsn/wsn_0531_01.jpg,112.5KB,2017/11/03,2016/05/30
wsn/wsn_0826.jpg,https://image.rakuten.co.jp/shopjapan/cabinet/wsn/wsn_0826.jpg,181.4KB,2017/11/02,2016/08/25
wsn/wsn_1117_lp01.jpg,https://image.rakuten.co.jp/shopjapan/cabinet/wsn/wsn_1117_lp01.jpg,121.8KB,2017/08/30,2016/11/11
wsn/wsn_1117_lp02.jpg,https://image.rakuten.co.jp/shopjapan/cabinet/wsn/wsn_1117_lp02.jpg,213KB,2017/10/23,2016/11/11
wsn/wsn_1117_lp04.jpg,https://image.rakuten.co.jp/shopjapan/cabinet/wsn/wsn_1117_lp04.jpg,257.2KB,2017/10/23,2016/11/11
wsn/wsn_1117_lp05.jpg,https://image.rakuten.co.jp/shopjapan/cabinet/wsn/wsn_1117_lp05.jpg,157.5KB,2017/10/23,2016/11/11
wsn/wsn_1117_lp07.jpg,https://image.rakuten.co.jp/shopjapan/cabinet/wsn/wsn_1117_lp07.jpg,280.4KB,2017/08/30,2016/11/11
wsn/wsn_1117_lp08.jpg,https://image.rakuten.co.jp/shopjapan/cabinet/wsn/wsn_1117_lp08.jpg,120.4KB,2017/10/23,2016/11/14
wsn/wsn_1117_lp09.jpg,https://image.rakuten.co.jp/shopjapan/cabinet/wsn/wsn_1117_lp09.jpg,343KB,2017/10/31,2016/11/14
wsn/wsn_1117_lp10.jpg,https://image.rakuten.co.jp/shopjapan/cabinet/wsn/wsn_1117_lp10.jpg,372.1KB,2017/08/30,2016/11/14
wsn/wsn_1117_lp11.jpg,https://image.rakuten.co.jp/shopjapan/cabinet/wsn/wsn_1117_lp11.jpg,280.6KB,2017/10/23,2016/11/14
wsn/wsn_1117_lp12.jpg,https://image.rakuten.co.jp/shopjapan/cabinet/wsn/wsn_1117_lp12.jpg,371.6KB,2017/08/30,2016/11/17
wsn/wsn_1117_lp13.jpg,https://image.rakuten.co.jp/shopjapan/cabinet/wsn/wsn_1117_lp13.jpg,372.2KB,2017/10/31,2016/11/17
wsn/wsn_1117_splp02.jpg,https://image.rakuten.co.jp/shopjapan/cabinet/wsn/wsn_1117_splp02.jpg,487.9KB,2017/08/30,2016/11/14
wsn/wsn_1117_splp03.jpg,https://image.rakuten.co.jp/shopjapan/cabinet/wsn/wsn_1117_splp03.jpg,503.9KB,2017/10/22,2016/11/14
wsn/wsn_1117_splp04.jpg,https://image.rakuten.co.jp/shopjapan/cabinet/wsn/wsn_1117_splp04.jpg,490.7KB,2017/10/22,2016/11/14
wsn/wsn_15.jpg,https://image.rakuten.co.jp/shopjapan/cabinet/wsn/wsn_15.jpg,114.4KB,2017/08/30,2016/04/18
wsn/wsn_s1.jpg,https://image.rakuten.co.jp/shopjapan/cabinet/wsn/wsn_s1.jpg,100.5KB,2017/11/07,2016/04/05
wsn/wsn_s1_100.jpg,https://image.rakuten.co.jp/shopjapan/cabinet/wsn/wsn_s1_100.jpg,50.4KB,2017/11/07,2016/04/05
wsn/wsn_s1_50.jpg,https://image.rakuten.co.jp/shopjapan/cabinet/wsn/wsn_s1_50.jpg,50.4KB,2017/11/07,2016/04/05
wsp/wsp_hero_01.jpg,https://image.rakuten.co.jp/shopjapan/cabinet/wsp/wsp_hero_01.jpg,183.1KB,2017/11/07,2015/08/25
wsp/wsp_sp2.jpg,https://image.rakuten.co.jp/shopjapan/cabinet/wsp/wsp_sp2.jpg,74.6KB,2017/11/07,2016/02/03
wsp/wsp_s_01.jpg,https://image.rakuten.co.jp/shopjapan/cabinet/wsp/wsp_s_01.jpg,88.3KB,2017/11/07,2015/08/25
wsp/wsp_tan_01.jpg,https://image.rakuten.co.jp/shopjapan/cabinet/wsp/wsp_tan_01.jpg,155.1KB,2017/11/07,2015/08/25
wsp/wsp_tan_02.jpg,https://image.rakuten.co.jp/shopjapan/cabinet/wsp/wsp_tan_02.jpg,295.4KB,2017/07/14,2015/08/25
share/wwin_p2.jpg,https://image.rakuten.co.jp/shopjapan/cabinet/share/wwin_p2.jpg,40.6KB,2017/08/17,2014/08/10
trce/w_2.jpg,https://image.rakuten.co.jp/shopjapan/cabinet/trce/w_2.jpg,106.5KB,2017/11/07,2017/04/26
trce/w_c2.jpg,https://image.rakuten.co.jp/shopjapan/cabinet/trce/w_c2.jpg,110.2KB,2017/11/07,2017/04/26
trce/w_cm.jpg,https://image.rakuten.co.jp/shopjapan/cabinet/trce/w_cm.jpg,115.4KB,2017/11/07,2017/04/26
srct/w_hb_pc.jpg,https://image.rakuten.co.jp/shopjapan/cabinet/srct/w_hb_pc.jpg,146.2KB,2017/11/05,2017/02/15
swcl/w_s1.jpg,https://image.rakuten.co.jp/shopjapan/cabinet/swcl/w_s1.jpg,132.7KB,2017/11/07,2016/09/08
srct/w_sc_pc1.jpg,https://image.rakuten.co.jp/shopjapan/cabinet/srct/w_sc_pc1.jpg,311.5KB,2017/05/02,2017/02/15
srct/w_sc_pc1_2.jpg,https://image.rakuten.co.jp/shopjapan/cabinet/srct/w_sc_pc1_2.jpg,300.3KB,2017/04/11,2017/02/16
srct/w_sc_pc2.jpg,https://image.rakuten.co.jp/shopjapan/cabinet/srct/w_sc_pc2.jpg,445.2KB,2017/04/11,2017/02/15
srct/w_sc_pc2_2.jpg,https://image.rakuten.co.jp/shopjapan/cabinet/srct/w_sc_pc2_2.jpg,433.1KB,2017/04/11,2017/02/16
srct/w_sc_pc3.jpg,https://image.rakuten.co.jp/shopjapan/cabinet/srct/w_sc_pc3.jpg,108.4KB,2017/04/11,2017/02/15
srct/w_sc_pc3_2.jpg,https://image.rakuten.co.jp/shopjapan/cabinet/srct/w_sc_pc3_2.jpg,108.4KB,2017/04/11,2017/02/15
srct/w_sc_sp1.jpg,https://image.rakuten.co.jp/shopjapan/cabinet/srct/w_sc_sp1.jpg,249.6KB,2017/04/11,2017/02/15
srct/w_sc_sp1_2.jpg,https://image.rakuten.co.jp/shopjapan/cabinet/srct/w_sc_sp1_2.jpg,230.9KB,2017/04/11,2017/02/16
srct/w_sc_sp2.jpg,https://image.rakuten.co.jp/shopjapan/cabinet/srct/w_sc_sp2.jpg,356.6KB,2017/04/11,2017/02/15
srct/w_sc_sp3.jpg,https://image.rakuten.co.jp/shopjapan/cabinet/srct/w_sc_sp3.jpg,210.3KB,2017/04/11,2017/02/15
srct/w_sc_sp4.jpg,https://image.rakuten.co.jp/shopjapan/cabinet/srct/w_sc_sp4.jpg,141.7KB,2017/04/11,2017/02/15
items3/y-r01.gif,https://image.rakuten.co.jp/shopjapan/cabinet/items3/y-r01.gif,6.6KB,2017/08/30,2005/12/16
items3/y-r02.jpg,https://image.rakuten.co.jp/shopjapan/cabinet/items3/y-r02.jpg,50.2KB,2017/08/30,2005/12/16
share/yajirushi.jpg,https://image.rakuten.co.jp/shopjapan/cabinet/share/yajirushi.jpg,1.8KB,2017/08/17,2014/02/19
trs/yanagi_cm.jpg,https://image.rakuten.co.jp/shopjapan/cabinet/trs/yanagi_cm.jpg,26.3KB,2017/08/30,2016/07/06
mop/shark/yano_twoyear1.jpg,https://image.rakuten.co.jp/shopjapan/cabinet/mop/shark/yano_twoyear1.jpg,45KB,2017/11/03,2014/07/16
share/ya_red.jpg,https://image.rakuten.co.jp/shopjapan/cabinet/share/ya_red.jpg,0.6KB,2017/08/17,2014/02/19
ste/yh140409_ste_arm1b.jpg,https://image.rakuten.co.jp/shopjapan/cabinet/ste/yh140409_ste_arm1b.jpg,104.7KB,2017/08/24,2014/04/09
ste/yh140409_ste_arm2b.jpg,https://image.rakuten.co.jp/shopjapan/cabinet/ste/yh140409_ste_arm2b.jpg,52.5KB,2017/08/24,2014/04/09
ste/yh140409_ste_arm3b.jpg,https://image.rakuten.co.jp/shopjapan/cabinet/ste/yh140409_ste_arm3b.jpg,33.3KB,2017/08/24,2014/04/09
jrj/yj01.jpg,https://image.rakuten.co.jp/shopjapan/cabinet/jrj/yj01.jpg,1.1KB,2017/08/30,2012/05/20
jrj/yj02.jpg,https://image.rakuten.co.jp/shopjapan/cabinet/jrj/yj02.jpg,1KB,2017/08/30,2012/05/20
cleaning/yokushitu01.jpg,https://image.rakuten.co.jp/shopjapan/cabinet/cleaning/yokushitu01.jpg,11.1KB,2012/06/08,2011/10/19
cleaning/yokushitu01_b.jpg,https://image.rakuten.co.jp/shopjapan/cabinet/cleaning/yokushitu01_b.jpg,17.4KB,2013/09/18,2011/11/08
cleaning/yokushitu02.jpg,https://image.rakuten.co.jp/shopjapan/cabinet/cleaning/yokushitu02.jpg,19.1KB,2012/06/08,2011/10/19
cleaning/yokushitu02_b.jpg,https://image.rakuten.co.jp/shopjapan/cabinet/cleaning/yokushitu02_b.jpg,26.4KB,2013/09/22,2011/11/08
yoshigrill/yoshigrill_01.jpg,https://image.rakuten.co.jp/shopjapan/cabinet/yoshigrill/yoshigrill_01.jpg,188.3KB,2017/11/06,2015/07/30
yoshigrill/yoshigrill_02.jpg,https://image.rakuten.co.jp/shopjapan/cabinet/yoshigrill/yoshigrill_02.jpg,161.4KB,2017/11/06,2015/07/30
yoshigrill/yoshigrill_03.jpg,https://image.rakuten.co.jp/shopjapan/cabinet/yoshigrill/yoshigrill_03.jpg,136.3KB,2017/11/05,2015/07/30
yoshigrill/yoshigrill_04.jpg,https://image.rakuten.co.jp/shopjapan/cabinet/yoshigrill/yoshigrill_04.jpg,135.1KB,2017/07/21,2015/07/30
yoshigrill/yoshigrill_05.jpg,https://image.rakuten.co.jp/shopjapan/cabinet/yoshigrill/yoshigrill_05.jpg,9KB,2017/07/21,2015/07/30
yoshigrill/yoshigrill_06.jpg,https://image.rakuten.co.jp/shopjapan/cabinet/yoshigrill/yoshigrill_06.jpg,52.5KB,2017/07/21,2015/07/30
yoshigrill/yoshigrill_07.jpg,https://image.rakuten.co.jp/shopjapan/cabinet/yoshigrill/yoshigrill_07.jpg,107.3KB,2017/11/05,2015/07/30
yoshigrill/yoshigrill_08.jpg,https://image.rakuten.co.jp/shopjapan/cabinet/yoshigrill/yoshigrill_08.jpg,192.2KB,2017/11/05,2015/07/30
yoshigrill/yoshigrill_09.jpg,https://image.rakuten.co.jp/shopjapan/cabinet/yoshigrill/yoshigrill_09.jpg,132.5KB,2017/07/21,2015/07/31
yoshigrill/yoshigrill_10.jpg,https://image.rakuten.co.jp/shopjapan/cabinet/yoshigrill/yoshigrill_10.jpg,176.5KB,2017/11/05,2015/08/03
yoshigrill/yoshigrill_rs_01.jpg,https://image.rakuten.co.jp/shopjapan/cabinet/yoshigrill/yoshigrill_rs_01.jpg,70.6KB,2017/11/06,2015/07/31
yoshigrill/yoshigrill_rs_02.jpg,https://image.rakuten.co.jp/shopjapan/cabinet/yoshigrill/yoshigrill_rs_02.jpg,46.7KB,2017/11/07,2015/07/31
yoshigrill/yoshigrill_sou.jpg,https://image.rakuten.co.jp/shopjapan/cabinet/yoshigrill/yoshigrill_sou.jpg,155.8KB,2017/11/06,2015/08/05
yoshigrill/yoshigrill_sp_01.jpg,https://image.rakuten.co.jp/shopjapan/cabinet/yoshigrill/yoshigrill_sp_01.jpg,163.7KB,2017/11/06,2015/07/31
yoshigrill/yoshigrill_sp_02.jpg,https://image.rakuten.co.jp/shopjapan/cabinet/yoshigrill/yoshigrill_sp_02.jpg,305.3KB,2017/07/21,2015/08/03
stp/koy/youi.jpg,https://image.rakuten.co.jp/shopjapan/cabinet/stp/koy/youi.jpg,5.7KB,2017/08/30,2016/08/19
share/yoyaku_att.jpg,https://image.rakuten.co.jp/shopjapan/cabinet/share/yoyaku_att.jpg,47KB,2017/08/17,2015/07/31
share/yoyaku_atten.jpg,https://image.rakuten.co.jp/shopjapan/cabinet/share/yoyaku_atten.jpg,60.8KB,2017/11/03,2015/07/31
share/yoyaku_atten_mgt.jpg,https://image.rakuten.co.jp/shopjapan/cabinet/share/yoyaku_atten_mgt.jpg,102.9KB,2017/08/31,2016/10/11
share/yoyaku_chu.jpg,https://image.rakuten.co.jp/shopjapan/cabinet/share/yoyaku_chu.jpg,7.7KB,2017/08/17,2014/07/02
sim/yoyaku_sp.jpg,https://image.rakuten.co.jp/shopjapan/cabinet/sim/yoyaku_sp.jpg,273.5KB,2017/10/31,2017/07/06
share/yoyaku_tyui.jpg,https://image.rakuten.co.jp/shopjapan/cabinet/share/yoyaku_tyui.jpg,79.9KB,2017/10/25,2014/05/21
kitchen_item/yu-point01.jpg,https://image.rakuten.co.jp/shopjapan/cabinet/kitchen_item/yu-point01.jpg,18.4KB,2013/06/29,2010/07/30
kitchen_item/yu-point02.jpg,https://image.rakuten.co.jp/shopjapan/cabinet/kitchen_item/yu-point02.jpg,19.1KB,2013/06/29,2010/07/30
awf/y_price.jpg,https://image.rakuten.co.jp/shopjapan/cabinet/awf/y_price.jpg,95.6KB,2016/01/15,2014/09/11
kitchen_item/zbz01.jpg,https://image.rakuten.co.jp/shopjapan/cabinet/kitchen_item/zbz01.jpg,135.8KB,2012/04/21,2010/05/17
kitchen_item/zbz01-2.jpg,https://image.rakuten.co.jp/shopjapan/cabinet/kitchen_item/zbz01-2.jpg,134.5KB,2012/04/21,2010/07/26
kitchen_item/zbz01-3.jpg,https://image.rakuten.co.jp/shopjapan/cabinet/kitchen_item/zbz01-3.jpg,155.7KB,2017/11/07,2012/11/27
kitchen_item/zbz02.jpg,https://image.rakuten.co.jp/shopjapan/cabinet/kitchen_item/zbz02.jpg,20.5KB,2017/11/07,2010/05/17
kitchen_item/zbz03.jpg,https://image.rakuten.co.jp/shopjapan/cabinet/kitchen_item/zbz03.jpg,21.5KB,2017/11/07,2010/05/17
kitchen_item/zbz04.jpg,https://image.rakuten.co.jp/shopjapan/cabinet/kitchen_item/zbz04.jpg,187.7KB,2017/11/07,2010/05/17
kitchen_item/zbz05.jpg,https://image.rakuten.co.jp/shopjapan/cabinet/kitchen_item/zbz05.jpg,10.6KB,2017/11/07,2010/05/17
kitchen_item/zbz06.gif,https://image.rakuten.co.jp/shopjapan/cabinet/kitchen_item/zbz06.gif,7.9KB,2017/11/07,2010/05/17
kitchen_item/zbz07.jpg,https://image.rakuten.co.jp/shopjapan/cabinet/kitchen_item/zbz07.jpg,51.1KB,2017/11/07,2010/05/17
kitchen_item/zbz08.jpg,https://image.rakuten.co.jp/shopjapan/cabinet/kitchen_item/zbz08.jpg,22.4KB,2012/04/21,2010/05/17
kitchen_item/zbz08-2.jpg,https://image.rakuten.co.jp/shopjapan/cabinet/kitchen_item/zbz08-2.jpg,23.5KB,2012/04/21,2010/07/29
kitchen_item/zbz08-3.jpg,https://image.rakuten.co.jp/shopjapan/cabinet/kitchen_item/zbz08-3.jpg,23.5KB,2015/11/18,2010/07/29
kitchen_item/zbz09.jpg,https://image.rakuten.co.jp/shopjapan/cabinet/kitchen_item/zbz09.jpg,105.2KB,2015/10/09,2010/05/17
kitchen_item/zbz09-2.jpg,https://image.rakuten.co.jp/shopjapan/cabinet/kitchen_item/zbz09-2.jpg,108.6KB,2012/04/21,2010/07/26
kitchen_item/zbz09-3.jpg,https://image.rakuten.co.jp/shopjapan/cabinet/kitchen_item/zbz09-3.jpg,104KB,2012/04/21,2010/07/26
kitchen_item/zbz09-4.jpg,https://image.rakuten.co.jp/shopjapan/cabinet/kitchen_item/zbz09-4.jpg,106.9KB,2012/04/21,2010/07/28
kitchen_item/zbz10.jpg,https://image.rakuten.co.jp/shopjapan/cabinet/kitchen_item/zbz10.jpg,105.6KB,2015/11/19,2010/05/17
kitchen_item/zbz11.gif,https://image.rakuten.co.jp/shopjapan/cabinet/kitchen_item/zbz11.gif,9.9KB,2017/11/07,2010/05/17
kitchen_item/zbz12.jpg,https://image.rakuten.co.jp/shopjapan/cabinet/kitchen_item/zbz12.jpg,26KB,2014/03/07,2010/05/17
kitchen_item/zbz_d_sh01.jpg,https://image.rakuten.co.jp/shopjapan/cabinet/kitchen_item/zbz_d_sh01.jpg,67KB,2015/12/07,2010/05/18
kitchen_item/zbz_d_sh01-3.jpg,https://image.rakuten.co.jp/shopjapan/cabinet/kitchen_item/zbz_d_sh01-3.jpg,67.1KB,2017/10/11,2010/07/29
kitchen_item/zbz_mov.jpg,https://image.rakuten.co.jp/shopjapan/cabinet/kitchen_item/zbz_mov.jpg,80.7KB,2012/04/21,2010/05/17
kitchen_item/zbz_mov2.jpg,https://image.rakuten.co.jp/shopjapan/cabinet/kitchen_item/zbz_mov2.jpg,76.9KB,2014/03/07,2010/05/18
kitchen_item/zbz_s_sh01.jpg,https://image.rakuten.co.jp/shopjapan/cabinet/kitchen_item/zbz_s_sh01.jpg,65KB,2017/10/01,2010/05/18
kitchen_item/zbz_s_sh01-2.jpg,https://image.rakuten.co.jp/shopjapan/cabinet/kitchen_item/zbz_s_sh01-2.jpg,63.9KB,2017/11/03,2010/07/29
jrj/zeri-main.jpg,https://image.rakuten.co.jp/shopjapan/cabinet/jrj/zeri-main.jpg,143.9KB,2017/08/30,2014/04/30
stp/item_img/zyuden_tan.jpg,https://image.rakuten.co.jp/shopjapan/cabinet/stp/item_img/zyuden_tan.jpg,51.3KB,2017/11/03,2016/09/07
crfp/_tan_1031.jpg,https://image.rakuten.co.jp/shopjapan/cabinet/crfp/_tan_1031.jpg,256.9KB,2017/11/07,2017/10/30
